x1,x2,x3,x4,x5,x6,y
0.09290262418653178,0.4106443083341008,0.20639300167858143,0.030666204285467624,0.2709744674572614,1.0,2.7595709779709194
0.1407334934803146,-1.0,-0.4071600570786516,-1.0,-1.0,-0.20762064030086647,5.529264983977876
0.172169707118746,-1.0,-1.0,0.6328642931521337,0.07219319460276452,-0.8459769368384482,-1.217252923757549
0.5528009436746064,-0.17568368272084078,1.0,1.0,1.0,0.8821925613385246,-3.225585461606408
-0.5866655879940161,-1.0,-0.017238899984594686,-0.5375220322774461,1.0,-0.31169455059463996,2.218751650110979
1.0,1.0,1.0,0.46303299310366564,0.7039653709173083,-0.2310323805158751,-4.194160195346144
-0.0755000395006986,-0.3405035643439809,-0.4705568428658442,-0.799645754663233,-0.6094147912673233,-1.0,3.098608029849243
-0.8453257136884018,0.9079242588154111,-1.0,-1.0,0.13449406654947638,-0.03386149586254,-0.33228787026184686
-1.0,-1.0,-0.39238931892526285,-0.8502364961340907,-0.2543829719387385,0.4029019207127376,-3.0804627905427564
-0.255713135955131,-0.9352875424555197,0.13678472469373937,-0.3180571264186039,0.8029133565251196,-0.6488397938094776,3.4400797475577214
0.02509403324055115,-0.8379716187528391,-0.32941911263829704,-0.8771578443012339,0.1626879130828561,1.0,0.010811337371101126
-1.0,-0.14829626684966968,-0.3581406009906307,-0.9683971067761743,1.0,0.6574462915954036,5.259369293216303
1.0,1.0,0.2797623199706456,1.0,-1.0,-1.0,11.027479348740814
-0.8084819799099026,-1.0,-0.8374448342182517,-1.0,-0.9553113747344639,-0.14733068920529102,-0.8785005806368582
-0.5459856222234757,-0.4081889905713416,0.48277249504057246,0.2513344376526879,-1.0,0.5102921842236443,-2.0602252418953437
-1.0,-0.5164227773245158,-0.5789004510848741,-0.9684098534604715,0.12759874169538798,-1.0,5.57804254356874
0.6683777700298765,-0.014692715994390704,-0.11989771892232437,-1.0,-1.0,0.5246880739620217,4.718344600425867
1.0,0.07790934427668272,0.10811895205036587,0.1811301180521921,0.06399082002369672,0.7173843444390122,0.21692721108039748
-1.0,-1.0,-1.0,-0.33020056687209753,0.10772228858839716,1.0,1.7451636640242483
-0.09239058162801717,-0.12995557235359656,0.49713240267386793,-0.6925015580212737,0.96877994283547,1.0,2.248094314422019
1.0,-0.8739566024107944,-1.0,-0.13219140582311784,0.7926086327725291,0.39041321773502924,-3.6315963518351673
-1.0,-0.13990840015926442,-1.0,-1.0,-0.8577638823221578,-1.0,1.4109495866023865
1.0,0.34824307659636,0.048081208680532006,0.7796780765878294,0.474767304945827,1.0,2.724411456360742
-1.0,-0.8364923665114041,-1.0,-0.7655811216781785,-1.0,-1.0,2.9067202590854815
0.16258343307244094,-0.15100638916987963,-0.2959910155060005,0.1680615433032121,-0.4493124235126017,-0.31469212501815613,0.5869873953607792
-0.2785931548240588,0.33176563778724366,-0.4210294531988632,0.006185360837536902,0.026401337631926647,1.0,4.434498762889404
0.6827342478482561,0.9976360807467815,0.28635534377726257,-0.7260612312599317,-0.03920017301769951,1.0,4.481513701130985
0.6166042421499321,-0.5809225030670816,-0.714342840283143,0.7975945624714436,-0.249757521066302,-0.1898301953988495,0.18562679370812518
-0.6735859924686256,0.7457370993113585,0.005381965772998432,-0.14874428691326236,1.0,1.0,5.8023886518843515
-0.40595936031867175,0.47605629285773887,-0.3016886889286048,-1.0,0.9448942387554187,0.3073661647361611,4.15083850828546
-0.8915390915289556,0.7668827128208828,1.0,1.0,0.5468338152609322,0.7117534874966894,-6.0384237445321025
0.7223991041913242,0.8982957413763537,-0.26512728135917274,1.0,-1.0,-0.341447140539027,5.430242293122449
-0.34173511417569397,-0.977271571821405,-1.0,0.42054981009456494,-1.0,-0.9912537386905083,-0.5772781856140397
1.0,0.6527164327215877,0.5565102233654062,0.9270053917768257,0.979751468083377,-0.030867331889338434,-3.328586253679273
0.2857852844174936,1.0,-0.48160482898188756,1.0,-0.5993707967996809,1.0,6.088716327857961
1.0,0.17089947921345883,0.8753910803572953,1.0,0.11913457762486249,-1.0,2.778486926328098
-1.0,0.11446310774374069,0.7190430679529216,-0.6681925655283159,0.8942484897987539,0.5101223213118588,-0.0106255785994811
-0.3579849191944453,-1.0,-0.9096467464630569,-0.9101129342243173,-0.7542467293420012,-1.0,3.869313267765978
0.7472482288581895,-0.7678219109761117,1.0,0.23841917487226538,-0.49450149424954676,0.2320286229712053,1.8570301492519663
-0.3675799974862191,0.055471733413300806,-1.0,0.250638122289332,-1.0,-0.7072073135068255,-0.9129595060497863
0.12409907122396624,0.4494806332213133,0.4166575602108666,0.09923911860753831,-0.10749429106682465,-0.883273649894452,1.8231325450238427
1.0,0.4198941150468216,0.11706457692712746,1.0,-0.15154962389207138,0.1206921783655408,0.34717185633044173
0.18766875106737557,0.7928249554655011,0.3092464642057213,1.0,-0.3828094358608106,0.5253875567464604,1.004259678441533
-1.0,-0.5407416030689197,0.08595524021953582,0.07740210982014062,-0.593209442994497,-1.0,1.793579234113073
0.6752782505468746,1.0,1.0,1.0,0.4294063370362594,0.20482170563896385,-4.652967546266636
-0.321080897114988,0.0959494697803108,0.28629551460969493,-0.9028299999723344,-0.33222068119170434,-0.8282133772350306,0.6405994035180843
-1.0,-1.0,-1.0,-1.0,-0.8076160311504579,-0.6235016936396047,-0.6858857568240553
-0.8999254739594381,-0.703925738381443,-0.17468921379481084,-0.2939088850957794,0.8662898118227735,-0.5466878684443403,3.7635492898718086
0.9287844032870758,1.0,1.0,1.0,-1.0,-0.6233834495767074,5.702421518197122
-0.018962911388969772,-1.0,-1.0,-1.0,0.7124245524478624,0.9809577106358613,-1.5660103914306607
-0.3506814694380217,-0.6552026633860342,-0.024115430788560127,0.08034836649018173,-0.7819758764144009,-0.27421065096255903,0.5641853789080574
0.1770573852240617,0.6568119794077394,0.23966734860322658,0.36570817139721695,-0.9994298111284701,-1.0,2.4080412799757753
-0.8297533625696762,0.2457952911692658,0.6339859798709251,-1.0,1.0,-0.07690059983556874,3.411208155978771
0.15506357293522588,1.0,-0.46359995956255173,-1.0,0.7846087434149744,1.0,9.059288584422282
0.9443636057324307,1.0,0.45514141851151657,1.0,0.3015439275066867,0.4730717583994948,-2.188884383604486
-0.1073696806431631,-0.6998938230606928,-0.045790985215943825,-1.0,0.9752173002864903,-0.20104435356951464,1.8078892099425232
0.5800744595718644,0.22691561984772268,0.2950280578488518,0.14361490438389846,0.6872309074774546,1.0,1.4629583806276436
-0.8415890865395034,-0.5999835536333541,-1.0,0.135295503375858,0.5210318563174874,-1.0,5.045168550616169
0.5421544673517832,0.18992003785903097,-0.550853502029375,-0.15059810349368583,0.390551540929444,0.3138623599999013,0.17555799696389954
0.4534580563293489,-0.3485580380341937,-0.2906018971133145,-0.1563306604853424,0.04766159409442372,0.5904156009855543,0.47616351396818074
-0.32361280262650804,0.8282769981710787,-0.28395755539810724,0.4913106322110332,-1.0,1.0,3.1382097201207846
1.0,0.021619661676586688,1.0,0.3547281830360385,0.6591654773594855,-1.0,-0.15078879452658484
1.0,1.0,0.03948836846204651,1.0,-1.0,0.5468792230869652,6.078382233393068
0.33106649194525034,0.1949022140784466,-0.3881361366619308,-1.0,-1.0,-1.0,3.192824669794993
-0.04071835946951596,-1.0,-1.0,-1.0,-1.0,-0.6327931228933724,4.288447373052534
-0.3564330089426561,0.26277154339405784,-0.3113525009934414,0.6522945656372409,-0.9363705944557481,-1.0,1.0352749366993592
0.713913452145406,0.16133324733410404,0.16165457137459005,-0.3710536049583502,-0.5625977723431095,0.870534859980206,3.4603050649318585
0.10584345649051796,1.0,0.5141112819217131,1.0,-0.38087071548697393,-0.6263111319887291,0.5871265010827414
0.3036582555730524,-0.24833214540973547,-0.4798113263987863,-1.0,0.9459731343936382,-0.21868692296134823,-0.014456084069762454
-0.706367490450373,-0.4637420538049353,-0.5469540112997548,-0.9691945940619664,-0.4977718714549316,-0.12707444943689414,-1.7221936185198408
1.0,-0.7091109048797389,1.0,1.0,1.0,0.7823464098555118,-5.3401307080159635
0.454149006149711,0.2341179821088466,-0.7064477396082316,-0.9473017762502117,1.0,0.36443192243728517,0.31294439516535677
-1.0,-1.0,-0.6942712946756256,0.39012915478885807,0.9389552544767998,-0.6525953049206155,-0.4466131463132258
0.8743477955835202,0.9455187421990249,0.9026747142606273,-0.26187368302917446,-0.292196473752357,0.5268893656794186,-1.8788375673718969
-0.7897667281973824,-0.9249373622383572,1.0,-0.004202604597776993,-0.6147775318501938,1.0,-3.805409203439266
-0.9679828145913233,-1.0,0.000564034828211768,-0.2648983156274948,-0.5865318832542001,-0.45493671477832426,0.8774115412024686
0.9326844601496399,1.0,0.6553036560613277,0.5326647073740596,-0.17629666855828643,-0.08258246433665072,-0.9582078854139624
-0.4302573898745246,0.01108384395260506,-1.0,-0.7780181599078724,0.526170155581247,-0.8489553668255397,2.1507476812555497
0.21668368247030403,0.023692094636560412,-0.49521806916119787,-0.3026177689152122,1.0,1.0,3.536721310988635
-1.0,-1.0,-0.12145676386073045,-1.0,0.30627990849517617,0.025681371614193982,-1.9251312932619635
0.8795340215778928,0.9602666308176027,0.4065753263144561,0.28959230266142,-1.0,-0.5702879943174055,3.0161758269494583
-1.0,-1.0,-1.0,-1.0,0.0216637188945763,0.23924761991386734,-6.628176653116765
0.4366434788810394,1.0,-0.7910933615241361,0.5320822398381433,0.18993381448403768,0.9462274675908615,5.945214019657901
1.0,1.0,0.41764665589733774,1.0,-0.13719620115170206,-1.0,6.931895629509175
-1.0,-0.27127480669910153,-0.030332474762554074,0.1474881303738911,1.0,0.530104224205272,3.4065631167002293
0.2836180691698523,-1.0,-0.46894656160536363,0.7355124574809588,-0.27271657613392186,1.0,4.47483604865123
0.9630042756844843,0.7255524972495675,0.7246437129806798,1.0,1.0,0.7880744708045813,-5.794310480263018
-0.9890391124642839,-0.4349815781262818,-1.0,-1.0,-0.5256508821569009,0.779866699915007,0.7707919292245322
-0.6297153706474349,-1.0,-1.0,0.11538183366368227,-0.13541368361144135,0.06730602246353545,-3.4281659567158074
1.0,1.0,1.0,1.0,0.36783171387358093,0.11139018881897411,-4.969852240052783
-1.0,-0.4891312639212042,-1.0,0.012617553062258813,1.0,0.25456386336136616,-0.9590551510386717
-1.0,-1.0,-0.8682374603629,-1.0,1.0,1.0,-0.37367186618155185
0.6785487180237106,-0.9591411040257918,0.02444266505882231,-0.26074911111754395,-1.0,-0.14640238674689954,3.9638430385484984
-0.21061858031835268,-0.6454259553103636,-1.0,-0.4351330313572181,0.6340635147196505,1.0,5.357708582507787
-0.3693257057495819,0.7821435605243457,-0.6067236659745956,0.31239223408707756,1.0,-0.26811929778134186,1.851993815248895
-0.9698753798725668,-1.0,-0.10909964772441005,-0.8413145266232274,-0.3388445420748254,-0.8439429466238828,2.750417015780388
-1.0,-0.5796799438239207,0.3967572367654042,-1.0,-1.0,0.0046525392043847424,0.994338448928701
0.8870218286157958,0.20165401470417194,1.0,-0.6715570767349303,1.0,1.0,-4.1619634795104705
-1.0,-0.1533631885515332,-0.8656921545452121,-1.0,1.0,1.0,7.151731109570272
-0.13087250266880934,-0.1426650012429984,0.0863023223574135,-0.8750852132096516,0.9300450547941617,0.8320677535741554,2.899342460145976
-0.4179962912636458,-1.0,-0.7496133365072559,-0.4788311950767103,-0.6580988927987037,0.4805087644225617,-1.5457829568251928
-1.0,-1.0,-0.6740117854468067,-0.5078710117222283,-0.5618135973528764,-0.5075447940496371,-1.7314130714871576
-0.6859967294374376,-0.5749807591598439,-0.6977377610455883,0.46822969675003506,-1.0,0.5254660867986716,-0.058569908999364095
0.07011528106701481,0.09366868931940964,0.899513095694837,-0.47766468327935424,0.6998760600714604,0.5645043448809597,-0.786009546550916
1.0,0.047631916688792755,0.18447640622838424,-1.0,-0.027915020937331336,0.035650992329223086,0.08133362229795565
1.0,0.8720234863133267,0.28846858768965666,1.0,0.7123576488536789,1.0,-1.3562848928287676
0.3985091882891132,0.605283637414912,0.10076287437713716,-0.17435770035108716,-0.015954361767237746,-1.0,1.597372596168396
1.0,1.0,-1.0,-0.38257647173155407,-0.8791706406498775,0.8224720787371134,11.116562213083261
1.0,0.9869244950756502,1.0,0.9958977749180862,-1.0,-0.7470505779250907,6.863611575870672
0.5064490742241742,0.8570227595969531,0.6054924570776842,0.8570027115679956,-0.2880963865083762,-1.0,3.8912038256394137
-0.5452825479743749,0.4527410226121793,1.0,-0.3912940942038622,0.35578135018219725,-1.0,2.6432638713046512
0.9962588102440693,1.0,1.0,0.6817490677054294,-0.36708218398897297,-0.45669228651809746,1.1393845367878614
-0.7588553266711616,-0.3696820224598041,-1.0,-0.6568384755919652,-1.0,-0.12203316298934341,-2.6702214070823937
0.06732889033270306,-0.29854596563862984,-0.5257525674821047,0.6023652983056365,-0.10333742377615773,1.0,4.357151319032608
-0.1147089394351063,0.18096809889015797,-0.742980012100815,0.08035324042151998,-1.0,-1.0,0.14148409830426548
-0.09958216584145252,1.0,-1.0,-0.999574072224641,-1.0,-0.8810118607527626,1.6951618995944115
1.0,1.0,1.0,0.9016321702616532,0.07404192254742492,0.7843332688397264,-4.556360168952684
1.0,0.5706993287083897,1.0,-0.5212341569010011,-1.0,-0.4812267809694577,3.136288282690845
1.0,1.0,-0.6054825695454309,1.0,-0.17167658055092805,-0.8023566023933631,6.940157623392451
0.009181500337836934,1.0,1.0,1.0,-1.0,-0.802249429067162,0.7262418185651491
0.6815559994973398,-0.8168665816875318,-0.6968618205770473,-1.0,0.3921211706899614,-1.0,3.036353096413111
-0.013380906746691401,0.5686515929932106,0.06451408436620754,-0.083073489012919,0.019478974812885408,0.8310118420780376,2.6843212676425647
-1.0,-1.0,-0.028352208685801683,-1.0,-0.8136498295358292,0.5557343907041317,-1.5434070384744438
0.39358167601257854,-0.8994545170146847,0.022633488550879544,-0.9687116089888423,-1.0,-0.03602202296986956,6.266849195177592
-1.0,0.21264021071726483,-0.8149731379947704,1.0,-0.8211531678792884,-0.3272368582139133,-3.1905185011461414
0.30369258941758975,0.4271080634484664,0.6525472410517854,-0.6923932635577128,0.05979900496637214,-0.6526038996303387,0.07357220108882234
-0.9209943900071507,-0.5069152499580447,-1.0,-1.0,0.9503813636958438,1.0,4.64334437778706
-0.7848764858679977,-0.01220358303422131,-0.7958758116043039,-1.0,0.40884689032589583,1.0,5.648952608246184
1.0,0.2972410923978175,-0.7355823326296743,1.0,-0.28431801434884485,-0.3519221369338758,1.0811505034565192
1.0,1.0,0.5576515928001284,0.44103901461097467,-0.5942023811164651,0.0797078189619681,0.9704918220623984
0.853221353181549,1.0,0.36269651493180954,1.0,-1.0,0.26385904449878644,3.94310482727775
-0.9096457382090839,-0.06515379187619164,-0.16263523410318909,-0.26749212098445296,-0.1531304413799388,-1.0,2.0606970887543303
-0.5942063605188301,-1.0,-1.0,-0.2970221434914993,-0.7649167695570188,1.0,1.6176348129732787
0.5192477090344586,0.39760697174895915,0.19932292163986975,-0.9576644148929288,-1.0,-0.6710710275895582,4.937182797248313
1.0,1.0,-0.13562424975502962,0.5095856266938881,-0.15397444214065603,-0.012640020537997954,2.1439031146604606
1.0,-0.05566621516912468,-0.7460348905181442,-0.48420343555621287,-0.4407876800536261,-1.0,5.408156770766011
-1.0,-0.5470669302182187,-0.36098767009629096,0.2854812590634806,0.16880812435495374,-0.08807456075206388,-0.20898473799289957
-1.0,-1.0,0.806015583808839,-1.0,0.596115221574249,0.5693516512133381,-2.749971759374194
0.47498286803217205,1.0,-0.12944178789133057,1.0,1.0,0.31007200244829114,-0.8474470117218982
0.2032934075092041,-0.1031356175005595,0.8205909295124139,-0.034894042102045664,0.1608245568470343,-0.9164728872191691,2.5403471669765856
0.03340668393809637,-1.0,0.40044683837325645,-0.42106727957541273,1.0,1.0,1.898175376095585
-0.840140620456442,0.13689094691601333,1.0,1.0,0.3790188307494604,-0.14558554474159413,-1.921612682652826
0.023213609700523885,1.0,-0.48230604564674157,1.0,0.08089822322848128,0.20683043298454365,0.4971330456282002
-1.0,-0.8900892244180973,-1.0,-0.4612006162991755,-1.0,-1.0,2.3295763193263284
0.5008636515227655,0.4125788366133363,-1.0,1.0,-0.6309426386078564,0.46079122144771284,1.7412310192971974
-0.4451083858269633,-0.3975871780371394,-0.1561008920238659,-1.0,-0.9079185263234189,0.728854268461019,1.764531776056535
0.23472521799077195,1.0,1.0,0.5166891839709227,0.3719072006600615,0.9144801973588399,-3.7750325985687807
-0.5840805019932659,-0.7632474171239264,-1.0,-0.723323573269611,-0.665590336691141,0.7688318222220175,0.12221622971071111
0.09479085580952246,-0.006904524791178701,0.18293206432090808,0.06589534390704499,0.33764370380527065,0.7158292531982475,0.13842106985021962
-0.4878406996083766,0.0730209198599312,0.01408200989733227,-0.41408900585102326,-0.880733625702247,-1.0,-0.6778776933191752
0.7972928233131804,-0.1600982783806324,1.0,0.5743990104212253,0.9404404540168757,1.0,-4.768769139224345
0.6180302924450973,0.4295630101970298,1.0,1.0,0.1846329632951768,-0.2502505858672907,-2.4339715468145684
0.964636092501408,1.0,-0.10972715237982306,1.0,-0.6777179413731867,-0.021077598401914033,4.340312754679031
-1.0,-1.0,-0.05134956195302555,-1.0,-1.0,-0.707186082602056,5.144860374275499
-0.5784838366028128,0.027716850626803624,0.35696320683883354,-0.27135157508337027,0.0813333214017109,0.48972890998402036,-0.11877773781885217
-0.04520889218182911,-1.0,-0.0010151119463588376,-0.6120141525999687,-1.0,-0.3199638208476123,3.57061662160298
-0.629217765878239,-0.9191102207528155,-1.0,-0.2650496376463025,0.31579775157838175,-0.212702315313601,-2.112486676260528
1.0,1.0,0.44558441813070426,0.9208498044673126,-1.0,-0.09433235151910646,3.4222164435903144
0.1863496826186801,1.0,-0.5864760305257439,0.49562973666281807,-0.6405199586769603,-0.5026605382380233,1.7488388431019952
-0.34179684468202715,1.0,1.0,0.06368133690792988,1.0,1.0,-0.5997526870428379
-1.0,0.386341879612918,-0.3244327495211271,-1.0,0.36789338495896073,0.10600768158899077,1.6059989666763412
0.46452112381872723,0.5759881500311124,1.0,0.9731002646871625,-1.0,0.24638951317549862,0.30059109946422874
-0.050480107990824474,-0.48610859694608644,-0.451821300093705,-0.8095068670792281,-1.0,-1.0,2.594658274657491
-1.0,-1.0,-1.0,-1.0,0.7298068561973514,0.27710346374736994,-7.531590026723033
-0.7179295391882858,0.6684015898535626,1.0,0.5353277370634396,1.0,1.0,-1.2760518607438613
-1.0,-1.0,-0.9805266678334676,-1.0,0.06552966403670227,0.2535259617863728,-7.254997889482667
-0.4919516978019043,-1.0,-1.0,0.11351706196748784,0.8273796842118544,1.0,5.836933504863167
0.4319859853961008,1.0,1.0,0.804889962433212,-1.0,-0.813341634141584,1.5740742717868281
-0.2756983180290662,-0.21417677921506795,-0.19633626913447344,-0.18521667976533873,-0.055667743088428645,0.5238829201748532,0.6977460508398499
-0.11731389149046112,0.372752175292888,0.8988216016035374,0.6897578276079159,0.2830127747770623,1.0,-0.13749539295242108
-0.954497062903922,-0.34359365720695156,-1.0,-0.0407069679878207,-0.5725089264143595,0.8116414904271745,1.8629029735285494
-0.8736875478192155,-1.0,-1.0,-0.6210066420110798,-0.20016584447426067,1.0,-0.06621862661927524
0.5602359395593838,-0.8944800083992401,-0.30678200142225776,-0.24691561130126694,0.15157697048718188,0.5057861281504478,-1.364546964706178
-0.31120895147127636,-1.0,-0.37609936870027605,-1.0,-1.0,-0.916603509161509,7.076668137594661
-0.8013513896442725,-1.0,-0.0941646131655447,-0.3757141222549587,1.0,0.6446421507324933,2.2828855914846913
0.18141742710044667,-1.0,-1.0,-1.0,1.0,-0.7226440489268435,-1.405185683439538
1.0,0.322672127304773,1.0,0.9425898364030365,-1.0,-1.0,8.32034071773405
-0.5274253097583887,0.8375109565527475,0.5238604565990022,0.914185688703733,-0.4194485582176424,-1.0,1.7433752106105698
-0.8066703293848834,-0.08570864833616132,0.11361479552591891,-0.13228927471366103,-0.34087139911922215,0.4170372865763806,-0.6752397400586437
1.0,0.8325595790290254,0.30554673969295665,-0.3991463698068598,0.30670038155982215,0.4350337580813167,-0.6828491217353975
1.0,0.2690017403204241,1.0,0.3205374836388448,0.14340064754081883,1.0,-2.7491973099919345
-0.4479667792355726,-0.7892776579982875,1.0,0.5342360639158878,1.0,1.0,1.0790999738372968
-0.5629151202519873,-1.0,-0.05897990465941996,-0.5097535407157101,-1.0,-0.5548178084038975,1.82306118711886
-0.4633158196229189,-0.7426647874612474,-0.7510443347732768,0.7495585904750511,0.5248299331695724,-0.42258478923409015,-0.6808656262540002
-0.04369844962307645,-0.4978384721926676,0.7761208219724678,1.0,0.13315148348759337,-1.0,0.7096548517859336
0.7875645356806826,-0.5534400978801787,0.3613798292091769,0.7008129038375732,0.6212222031584925,-0.4530004798797268,-0.45109432025865115
-0.5572057168007348,-0.8376273657105409,-0.057205456201013916,-1.0,-0.6971513299742167,0.0618423146516528,-0.07376437943400882
-0.4427026036898429,-0.7267804255385757,0.6404272727202323,-0.22134823353537342,1.0,1.0,1.3930973791469694
0.19493161088249167,1.0,0.07561811407018115,1.0,-1.0,0.32574257945534046,2.1067149627672115
1.0,1.0,1.0,1.0,0.45038515405026136,1.0,-7.493727151107555
0.681899324395526,-0.048896021304274506,1.0,1.0,-0.30948203724958556,-0.3314247246925274,1.1847604489573254
1.0,0.6644910255202114,1.0,1.0,-0.7897924790184188,-0.3428150034574886,4.019733214571324
-1.0,-0.6409508545650775,0.4830196544858709,0.9102288468526515,0.3399550694242653,-0.6822599693724427,1.5926474875609586
0.3729003900982595,-0.3506597013058851,1.0,0.9075102180023403,-1.0,-1.0,2.0112813889053713
-0.05737928076694765,1.0,-0.12053544365725738,-0.01151344422697509,0.26122957666101576,0.282454038366416,0.2914626390346866
-0.4078975923380889,0.3368186474240129,0.1407758055120365,-0.7753482532667291,0.6455504541399797,0.3049615102461664,1.0728415889792968
0.8642240900302971,0.5541240675395742,0.8186109952807448,0.6682484515780291,-1.0,-0.40812404240792355,4.941298710571469
1.0,1.0,0.19672919777235098,0.6579265187686618,0.216646249523057,-1.0,3.3474679597000128
1.0,0.43795156097706145,0.6716764868878917,0.6084463723167597,1.0,1.0,-2.3899117028893735
-0.7048884338460669,-1.0,-0.7601800458840262,-0.11490323962323298,-1.0,-1.0,1.0189997967210955
1.0,0.26181498619156196,1.0,1.0,-0.65193298177223,-0.588553851138488,3.7806375299170734
1.0,1.0,0.1836348369130142,1.0,0.20570909691804867,0.04043719725801881,-0.14834739025632449
1.0,0.8577909729115754,0.6733863834840159,1.0,-0.3322019950026389,-1.0,6.477145662490158
-0.8911983342607638,-0.5672392507435197,-0.8078972824315287,0.8607275165110574,-1.0,0.7179207456024523,-0.4965119113162792
-1.0,-1.0,-1.0,-1.0,0.05249205996243822,-0.009278470239154957,-6.380834751110676
-1.0,-0.13884461982595184,0.25799171222323464,-0.6028205683252124,0.2698054469453446,-1.0,5.04021222075615
-0.14726910162328488,0.11133882855751415,0.28947319880961925,0.38568360373016536,0.3049682782729536,-0.46228967662783393,0.9839910751998173
-0.7736006033111977,-1.0,-1.0,-1.0,-0.41435357620245117,1.0,-1.125848885708863
0.2877874366858666,1.0,0.16229358623698292,-0.3604920933795503,0.7010365580517386,1.0,4.000420890122701
-0.5806823412423944,-0.4863716170280899,-0.6227693452576865,-0.37161533172119954,1.0,1.0,6.458110538420447
1.0,-0.32418265424100556,1.0,0.9646321408524334,-0.5930310160478643,-0.590748756247562,4.538188976001693
-1.0,0.6742307274409457,-1.0,0.8741616377620537,1.0,-0.7013268641701161,1.5943054722176198
0.9962108441300164,0.39072757693318394,1.0,1.0,1.0,0.28350496226616717,-7.0131881249798065
1.0,1.0,0.32999061616480474,0.7819266348592093,-0.011373816339153353,-0.02010219524214074,-0.480833239092792
-1.0,0.04336052212218622,-0.8586085190234254,-1.0,-0.2019503973294865,-0.0108565652366438,-2.240676042485847
0.6315003728532651,-0.4939771055283171,-1.0,-1.0,-1.0,-0.42275687212879104,4.573053183481762
0.22305092495613804,-0.20126118251192415,-0.9633119124746645,-0.6869876819787938,-0.5058935560863171,-0.6963417107078869,0.6956953032694231
-0.855220820118005,-1.0,-0.5616598176288455,-0.9178993164013662,-0.2864389727402801,-0.6154860322357854,-0.2444187122899621
0.22256469084580172,0.7238232231136635,0.17030123621126203,0.9862988611260939,-1.0,0.6504726381862815,1.8858294721248774
-1.0,-0.3406828264418853,-0.5071893225163886,-0.7727432710192238,0.3471133389746279,0.8980747433980001,1.6634198577390369
0.9819106993260946,1.0,-0.6359479673322568,0.9558627545654712,0.22172448595991157,1.0,2.7404722811139877
-0.5462851792430384,-0.5613501207081413,0.2381628763372412,-0.7280553379484554,-1.0,0.49257347716073163,0.4262288439929167
1.0,0.05557016745801224,0.038221359753023945,0.18110157806070437,-1.0,-1.0,7.032266060760601
-0.3085418147975173,-0.3710540839908312,-0.053066562883027274,0.1550937956103009,-0.4776215120408751,-0.5054334377606815,0.30465330034740173
1.0,0.5348623418696956,-0.0681341092155312,1.0,-0.9259109576814629,-0.043060292969987785,3.50127821575593
0.3438248905273551,1.0,0.1391174147718457,0.17112475181819997,-0.26932796540361736,0.19491559363583233,0.28000326833714273
0.6775199793489677,0.2958385778772654,-0.018616514825138153,0.07894215089752687,0.37572711720089114,0.8017127495157104,1.8174914582159853
-0.8562126182023417,-0.9029741843380734,-0.17046408590379802,-1.0,0.4932257025547052,0.7628315975104634,-1.0682182356231336
-0.09077863300676858,-1.0,-1.0,-1.0,1.0,-0.46910228973925705,-3.246258418062966
-0.046712876391004854,-1.0,-1.0,-1.0,-0.48828102134763307,-1.0,3.5714499850116534
-1.0,0.4408865421146671,-0.17916306985936487,-0.15216816335065186,-1.0,-0.4642611220878561,-2.4892160275835904
1.0,0.4194018501533101,1.0,0.15099969280575712,-0.23505317480506105,0.21008504864030164,0.705676025522254
-0.8522235419055832,-0.6583446132075577,-1.0,0.5778755307128136,-0.22788059125527682,-1.0,3.0093375890023246
-0.9902858241778677,-1.0,-0.13609673550595658,-0.3009801514650253,-0.11634809467789597,1.0,-0.150745727907171
0.15563469180572453,-0.2834263538099676,-0.8357252391854482,-1.0,0.8347255591360894,0.48061369548249977,0.009530835998257214
-0.3314991913755152,-1.0,-0.8071875785166212,-0.3270288454426492,1.0,0.12019811618999177,-2.7239404620579415
-1.0,-0.1778219006476658,-1.0,-0.42093253809338504,0.15593153801665627,-0.1707902252636003,-0.25090222160687203
-0.40838315453187124,-0.7101461490265837,0.8292721505291656,-1.0,-1.0,-0.850102870823142,5.123263747936555
0.9032124378546877,1.0,0.4627651345958186,-1.0,-0.2673584062080345,-0.9392625074077476,2.7961638246207743
-0.44175696755304616,-1.0,-1.0,-0.4877719711275976,-0.70344628113882,0.7445107595957363,-0.8165469961632141
0.5627128909415602,1.0,0.7092458195182874,0.11168369269091816,0.5253613104881034,-0.12443810177979842,-1.956443431704523
-1.0,0.23128965270635682,-1.0,-0.26400204951924844,-0.1749189666306965,-0.3914959504457065,-0.692082222556156
-0.5336750491169222,0.46096219477622297,-0.770754427777578,-0.7719314560948289,-0.17413548243882238,-0.2606134905474249,-0.5363136047955996
-1.0,-1.0,-0.44262824495670516,-0.8408519298579429,0.7180449973102111,-0.24007949685398228,-0.4203281673158857
0.34702572837290013,-0.43424337207448827,0.3631232318099945,0.07283015337581483,0.29862279194549196,0.22681095649783434,-0.8493551611152663
1.0,-0.5616162256368722,1.0,1.0,0.7665705559898927,1.0,-4.406434873015175
1.0,0.7657632096647888,0.16298423546403473,1.0,0.414035334943086,0.765353703359779,-0.5458146471178806
-0.3824938107641678,-0.0023679412568997638,1.0,0.209501864917004,-0.4179657301229798,-1.0,0.8620438923718772
-0.15697529539608457,-0.836356395667059,-0.3822020846497346,0.26290231510543616,1.0,1.0,3.2487441833663917
-0.5114413821837442,-0.8220959015578306,-0.39278350814575425,-0.10181573055028847,-0.5383598784368949,0.5667170538729909,-0.9083547347034852
0.5992117275601894,0.07259584075245007,1.0,0.7573123659821653,-1.0,0.08387074809164595,1.3758865510640625
-1.0,-0.04434743732839397,0.40564484299808945,-0.6805279391921828,-0.06497755090015378,-1.0,2.784514228974595
1.0,0.13178529396613925,0.797611613058834,0.14962345651877662,-0.8234525611857295,-0.4247245149743417,4.699338504373773
0.2984133902588638,1.0,-1.0,0.08993436473330932,-0.6485990266553402,0.4666374042374152,5.4334235296331395
0.6402597766080527,1.0,1.0,1.0,0.5170238042584023,-0.6268417714673441,-3.28589706238308
1.0,0.20143009292168845,-0.16701550596711076,0.14128040993811497,-0.693381770067347,-1.0,5.531667909635106
0.7544983033328381,-1.0,-0.23132806123897512,0.35859021221417836,1.0,0.3789236924184445,-3.11866249729218
-1.0,-0.20803138526548232,-0.8246310849532289,-0.6486431332456576,-1.0,-1.0,0.6664155377239871
1.0,1.0,1.0,1.0,1.0,0.5430695512846535,-10.25872277291596
0.2604852786726153,-0.05705308755271199,0.549474819863356,0.27174249398210626,-0.7771966895767056,-0.29387289635434144,0.4707624470517915
-1.0,-1.0,-0.4906194868199325,-0.4290116505634506,-0.3822879646445196,-1.0,3.0200270191670437
-1.0,0.6759287956195349,-1.0,-1.0,0.5095615828218623,0.8018468135217561,5.63856462513576
0.5821050053656313,1.0,0.8113081932233451,1.0,0.007622261400014763,0.060168708088867845,-2.9560281682221894
-0.24772284231298225,-0.14906761067303242,-1.0,-1.0,0.08154520700875645,1.0,5.4857309374426775
0.26876293272073215,-1.0,-1.0,-0.9733051137956534,0.652766457553665,0.7712557059067677,-3.624181570765141
-0.6863305637397981,-1.0,-0.5694737999256908,-1.0,0.8465175883408835,-0.102531017246003,-0.926292837277978
-1.0,-0.8023140329833675,-0.5917573283366389,-0.9876415764653932,0.37589005126184066,1.0,-1.608023587126716
0.6325782753972212,-0.20303267577659023,0.5078448289392116,-1.0,-1.0,-1.0,6.544049114627812
-1.0,0.4882376777410027,-0.1497434454763773,0.3412483420611784,-0.1296756702936543,-0.4093289888198749,0.2946689304027985
-0.31902436914561216,-0.3708928847115165,-0.08921356766259103,-0.050930603711956735,-0.9412581839975782,0.12967241230147436,-1.1113403517688147
-1.0,0.43135507198079753,-0.47382945541957855,-0.11770527998242897,-0.8912935428538585,-1.0,-0.7360044495703156
-0.18038020961607448,-0.3481422411698951,-0.7728146981367819,0.5880354094867385,1.0,0.07388558077956553,-0.9996586888450063
0.949962394140729,-0.9693977982221864,-0.931309551892944,-0.2432092542386115,-0.16818509512642937,0.39474877446504386,-0.9626766921814154
0.011373704202264592,0.8145845611687224,0.7363459913113676,0.831334229802822,-1.0,-0.7422781573800903,1.6543922879743067
1.0,1.0,-0.5612406596776327,1.0,0.0023604105562309297,-0.9074540296683902,5.99958073243384
-0.4435638516574132,0.3205813095002165,-0.3214159541518983,-1.0,-0.9067079399910808,-0.6906444589436135,0.23094898698562136
0.12706226088284445,-1.0,0.6170218707301937,-1.0,-0.47909300705630087,1.0,2.095465560954117
-1.0,-0.03617119881991737,-0.7144014428761478,-0.25638518596950166,0.16884046875641845,0.6052762278185833,2.2455230510844784
-1.0,0.6084631551299251,-0.205122655461891,-1.0,0.8289573057169952,0.4307993794903364,4.87951244516442
-1.0,-0.3574382017859855,0.2918477629440878,0.4419789260744678,0.6301245657924024,-0.29985195409424215,2.218527653412026
0.9202468369494519,0.16964375877612875,-0.16386737224666637,-0.13945559709219346,-1.0,-0.5486731592334473,3.0982167579958544
1.0,0.9514549330511819,0.6445158344024509,1.0,0.664476616947624,-0.14580589741016736,-3.747076858277152
0.6503264143930858,0.404269926364748,0.0069983822237640325,0.7731815900075891,-1.0,-0.4829521160025645,3.439815049716184
1.0,1.0,1.0,-0.08990115515345476,-0.6952436213493686,0.26234682915744684,-0.2388544304209443
-0.41288909278503083,0.04695513905959997,0.4942487525653778,-0.10951535980163479,-0.10124401845675468,1.0,1.2289547896254605
-0.8953632163189194,-0.6945681792636829,0.400077945283973,-0.0326184150586899,0.32486468820075,0.08610878268328617,0.6226141315004254
1.0,0.5178357697300466,0.5493496575723587,0.4189153088820827,-0.08280359839885265,0.3770714251340982,0.8461065536420337
0.4953620598537992,0.1340646414762353,-0.2073948459922949,1.0,0.3024598209720063,0.9409420387617206,2.1998402633345253
-0.004079242649515535,-0.42947795014768686,-0.5249692956508119,-0.8993221674624576,-0.3010810625827103,-1.0,3.9934922007637472
-1.0,-0.6782425522290012,-0.3072042326239622,0.7083421690147323,-0.9025966369899492,-1.0,-0.18613508053215755
0.5011507456339237,-0.20081488465280128,0.8694170560019918,0.8665374752245028,0.0015124397228994946,-1.0,2.330882219915328
-0.42766757344270756,-0.032027460921687456,-0.24545591401921002,1.0,-0.839817402715235,-1.0,2.245703958861453
0.23318944752353943,0.5105723333522811,0.2835373240211273,0.3760490743779319,0.6920256221833462,0.0074001099511569746,-1.1305272059214182
-0.01922578310256351,-0.5751480295777105,0.21529726024298151,-0.6541763956508072,1.0,0.8884700795341971,2.018384726239522
0.2797694249928275,-0.4138965053472864,1.0,0.10912730867483739,0.24631504660336545,0.8944376075763214,-1.617289055434024
-0.19099344072149194,-1.0,-0.4956176598594515,-1.0,-1.0,-0.4472367422378487,5.436348206566536
0.08040505450813096,0.813465359289101,1.0,0.1233778705343459,0.22146849614954334,-1.0,0.1540446428905086
0.019544755192096808,0.771498418587145,-0.3170641519047412,0.38578806662979676,-0.16188917907496497,-0.2735416505854563,0.5722273885466669
0.03717189653578434,0.20469659392360895,0.3101955739845683,0.7248191533757931,-0.08887910052813444,0.6790613591153509,0.4957637095502946
0.7577984318913547,0.20912034566128357,0.13184672004839268,-0.6029893954579285,-0.8545608613282982,-0.38893407584275375,3.044904244278012
-0.6817954636836008,-0.7286717913334068,-0.03423773729829829,0.9463279786406398,-1.0,-1.0,1.5259447601051042
1.0,0.016510564864504196,-0.6676927079140589,1.0,-1.0,-0.9654984481619304,6.3761246208648545
-0.6605247107496959,-0.03271886595880602,-1.0,-0.9564225468424004,0.3889499867780552,1.0,6.724206733249714
1.0,0.5437213291034484,0.8575153127566024,1.0,-0.17169539145466678,-0.19478098799855875,0.5653221204515144
1.0,-0.4496161873061783,0.39852914310637777,0.2874370266459578,-0.07507350295786616,0.12558875787263352,-0.14261372537077505
-0.20842956705960003,1.0,0.39486926805134115,0.6224949211124255,0.34731087676374967,-0.28505690840250253,-0.6361024976884144
0.9433285984712589,0.6480348687401559,-0.21258358854459147,-0.7279001717485901,1.0,-0.014406356723549146,-1.0763396731780994
1.0,0.9045193153999229,1.0,0.9700290029684935,-0.06817047244614291,1.0,-4.549331584184925
-1.0,-0.2903734807087692,0.019292434348980966,-0.14996641136683658,1.0,1.0,5.920534698028484
0.11657727504009485,0.9740502601305614,0.9801899642678817,-0.019405452283313418,0.9489731404611895,0.21377534129867226,-3.292211044942247
-1.0,0.13023170228943365,-0.4042845700387818,-1.0,-1.0,-0.6648725693421849,-0.3692309832494166
-0.5452389141088867,-0.8533098355825329,-0.9227137337051505,-0.2599172896255762,0.10501685344914662,-1.0,3.850123465893389
-0.44403366856189,-0.4261839609319637,0.6885905254943963,-1.0,0.0493033775767292,-0.9093665690193324,3.7764864528206177
0.595149331021209,1.0,0.7691714574790665,0.401232589036004,1.0,1.0,-1.4155712308841182
0.9162763390502278,-0.25599835290653383,0.5259623068044936,0.1667637271132426,-0.13092156310103803,-0.7548519776135386,3.557107485049873
0.1101620268784933,0.40063492490812225,0.17418155643962985,1.0,0.38039040686098446,0.01359213872910403,-0.7688060350155774
0.11126538375886302,-0.42738300032714915,0.4676824225222387,-0.1434226525275161,0.7515126613978571,-0.10818048203109908,1.054146933141411
0.053490535301831676,1.0,-0.0416382652118413,0.5075512304323271,-0.17611448292144583,0.43598636042035777,1.4264722612676475
-0.5375943045136304,-0.11671554948724538,-1.0,-0.44220135494379464,-0.6053264656723703,-0.49583059896332804,0.13345073600442836
0.5885148674732472,0.8998100629085883,0.26309465994877534,1.0,0.8106785714538203,-0.5973943494963151,-0.07796164908787295
-0.2034075473044149,-0.8879370864361513,-1.0,-1.0,-0.009369000030978736,-0.4396538727819716,-2.955302035854049
-0.9292677458192032,1.0,1.0,0.583734400128461,1.0,0.9593933835509574,-4.681272054674011
-0.5377037936687072,-0.4710061442901712,0.9059651318499324,-0.6225768967735507,-0.2981257987499649,0.6426791841814341,-2.475230101539612
-1.0,-0.10177913771165148,-1.0,0.00519292547961181,0.16598142513255698,0.9104050800110804,5.319277737426393
-1.0,-1.0,-0.12379073398481766,-0.41265297660598055,-0.5194674544673513,0.35304805562425456,-3.014360921141019
-1.0,-1.0,-0.9924752149525123,-0.7421090669233783,-1.0,-0.1215414042309852,-2.724196422590333
-1.0,-0.7027883802137866,0.9149988619411269,0.39917288201334267,-0.6811757540749019,0.2703767273977812,-2.5429788993557843
-0.17223747096085362,-1.0,-0.8679521300575599,-0.866383596925125,0.1931472384831705,-0.19340838900112695,-2.9949774775417617
-1.0,-1.0,-0.5684240857762828,-0.25248545809533307,0.6032700630792773,1.0,2.5300915842654716
-1.0,-1.0,-0.6586881367701504,-0.31407249357481715,0.4071391730955011,1.0,1.6766255374984076
-1.0,-0.7729686676658287,-1.0,-0.6686188723153416,0.2649706107624207,-1.0,5.781102263366931
1.0,1.0,1.0,1.0,0.686105281374128,-0.41215435552494584,-4.131635643130252
1.0,0.020522475931741058,0.2041341117887846,0.8916133514388678,1.0,-0.30163269619425326,-2.569240496443649
0.10774469869565845,0.3588842857489897,-0.1804425175059505,0.6119281601051145,-1.0,-0.28996222130624094,0.6953493131349734
-0.17120220941987216,-1.0,-0.09727844393810003,-0.8387753954442085,0.5950256360939303,0.915508560111002,-0.36130697928348704
-0.24719591085255888,-1.0,-1.0,-1.0,1.0,0.09825571975485659,-5.045438502668387
0.4313834723962957,0.9983442772036095,0.020797341955871573,0.3919151596819519,1.0,0.07585948680016497,0.9885040499203688
-0.15795631944211302,0.35621610915056195,-0.6946114299930572,-0.2653370962471555,0.6478699422605242,0.32847236084204556,1.2955904120794606
1.0,0.4203763005723511,-0.49675422402723063,1.0,-1.0,-0.0428678181817016,3.7099485704025086
0.76628512253213,0.9601038776752864,0.5555650051785058,0.05565575875910189,0.5698147210683688,0.13388813524948118,-3.120618053655215
-0.00304517118679673,0.5458821685381328,-0.9919597617783968,-0.046551296629433025,1.0,-0.08756835780007581,0.9266294841239212
-0.7904290464998026,0.8175223234750335,-0.5085160851938177,1.0,-1.0,0.31582462981897164,-0.907202769879689
0.4263697952585401,0.8808543240097897,-0.2077695653416347,0.6808316994081884,-0.9999873509373938,-1.0,5.971885743806168
-0.8186419802536637,-0.6697997539427581,0.5584198900612802,0.14826755693593377,0.30747072131836894,-0.4266453189802872,1.3808174268227438
-1.0,-1.0,-0.8514720489188774,-0.7228701215981888,-0.12845125596252294,1.0,-1.8202956010556886
-0.5307027153234412,0.018043504119852755,0.397356228987885,1.0,1.0,-0.07307145046921239,1.4736280088040177
-1.0,-1.0,-0.3241511887232422,0.05868164396382258,0.18325577078694122,-0.8646431156827536,2.0125821420479064
1.0,0.5678869653497625,0.4523857782642853,1.0,1.0,0.7559764074619467,-2.4918557165211004
0.4577230977444624,1.0,-0.03314324520066436,0.4377219229202719,0.45867778751712773,0.21551919619742244,-1.0252131039336536
1.0,0.6472386969347346,-0.6964615572001304,-0.8163338718417034,0.27254245792139287,0.05893918556132194,-0.02741310661747201
-0.38599526979312243,0.6265323318347813,-0.41532560555119324,0.40821277914940385,0.10376720692882163,0.4921771171665308,1.125512613109831
0.8895227524558644,-0.5482306592416564,-0.2489160022865975,0.8373093361259696,0.12169521381761239,0.6990489845050364,0.7263081449942619
-0.2806028968661932,-1.0,-0.7318267018398574,-0.39887064425061025,1.0,-0.4185629982454394,-1.1022932831276575
0.6897779227515406,1.0,0.04045035175112344,0.24327367288434032,-0.6227900730028794,-0.5602360572062788,1.9457753068101296
0.055623676365751384,-0.38160433387609777,1.0,0.6768849458505302,0.325604836482587,0.10008315133234486,-0.47340048206500346
1.0,-0.08747505703767255,-0.15399342697556334,-0.31707914122508524,0.7984670507799219,-0.8390275072148461,-0.10152856500465532
1.0,-0.14957194912889255,-0.3938032930078917,-0.11878398425729386,0.7849602842969277,1.0,-0.37549178271235645
1.0,1.0,1.0,0.4121131782534748,-0.2626536025065379,0.5577901694841993,-1.5840548387626394
-0.10604139448757055,-0.4800794358213987,-0.17852723001655124,0.4395804645811071,-1.0,-0.25682321485150394,1.6573443484649062
1.0,0.8969687739458718,-0.007157308331304402,1.0,0.3594314580356288,-0.424830814829007,1.4252386777684647
0.47486253913310317,1.0,0.8337171692124652,1.0,1.0,0.01944397088371419,-5.250485895637674
1.0,0.8550859283431456,0.5079084659274233,1.0,-0.322094023507045,0.5589965798679744,0.9334764248054336
-0.3649517332433847,-1.0,0.09196176978315251,0.2117315551427057,-1.0,-0.4212858147352784,0.12211913135595787
0.6414228130249879,1.0,1.0,1.0,0.45520999096915715,1.0,-6.715041099524361
0.03499348485156095,-0.45948388947092506,-0.9943738786348788,-0.4749682520389156,-0.679504389247148,0.08590347431586154,0.4412223283453789
1.0,1.0,0.7996177251914312,0.7466353735764532,-0.7345913975816811,-1.0,7.543033681316938
1.0,0.3241070184250576,0.12347653772180633,1.0,-0.6349750697791534,0.27967203527528595,1.4260775520086373
1.0,1.0,0.7115572712632632,0.2523123721768912,0.7604148542162725,-0.7394043578559071,-2.789947705426071
-1.0,0.2635882171370948,-0.25649264591595466,-1.0,0.27129380564265837,-0.34352195427787346,1.172756540788232
0.5495533111213717,-0.4835971931325884,1.0,0.5858751750814941,-0.8419271388632169,-0.7612341501955187,2.8841598645606137
1.0,0.47373235696460037,0.2592632485571389,0.3336767798704591,-0.9203588947608738,0.5632289320828362,3.5817117980267774
0.8123725041724605,0.7919647905578899,1.0,1.0,-0.3985822817857079,-0.5517756022119195,1.5592810444424954
-1.0,-0.3786575853638665,0.033537064518432635,0.04032426774632764,0.2877604507082454,-0.6477744687391616,3.3713214862481338
0.43985708694776315,0.991829792544808,-0.1543486099241501,0.15734420216212575,-0.3267451054370355,-0.4023802240440508,1.1658729049329621
-1.0,-0.08156649867537591,1.0,-0.5311935447440568,0.59608176560045,1.0,-1.916197461273199
-0.057614619993837546,-0.8168913775721844,-1.0,-0.3794100527902657,0.6009966231952042,0.021349569996674644,-1.8343871982920534
-0.9555480428362779,-0.24368422290046565,-0.25759837291429744,-0.4669877856239143,-0.3434490584015061,-0.5240934880532032,-0.31075128351497333
-0.974062674895114,-0.26948496747536005,-0.687658546178523,-0.4770354287435978,-1.0,-0.5471955090964018,-1.808236145028197
-0.7319891563671481,0.6646197905802824,0.8321610014356561,-0.310320250425227,0.6430324325682972,0.3886592430282423,-1.7152769478955152
-1.0,-0.6123345955761088,-0.26593698131825794,-1.0,-0.4534986906157738,0.6819957799480693,-1.9820655331025754
0.5663150765252185,-0.06491163574754297,0.320076360270584,-0.1519560544689608,-0.26544306526838074,-0.13434467321871352,0.3806845751249206
0.5872698302127278,1.0,0.7379353932002672,1.0,-1.0,0.09184622208779236,1.614557523421729
0.48220515488300475,-0.06516070127255755,0.267039867849895,-1.0,-1.0,-0.9240191775480213,5.127957599121209
0.40575771448055753,-0.774432659586445,0.362800222587249,0.5422415524502529,0.1197609019950584,-0.575043063016665,1.3857943902867536
-0.4900014859270566,-0.05754707952650512,-1.0,-0.644998398298472,0.16118182332074849,-0.10077763421204666,-0.7594475942715603
0.43700503307824,-0.8828827389106072,0.2456222087866322,-0.09977223835095542,0.32988247158793427,0.27288972330057015,0.21204402583927634
0.4700097220843759,-0.2667335356492667,-0.12029658247140623,1.0,-0.9664008268592099,-0.2712099126994074,2.6705284464211037
1.0,0.5146883008371841,0.4544849671081138,0.5377003186111341,0.5519258083029827,0.5504680775245492,-2.2016145104237372
0.6069842697617793,0.21663102509525145,1.0,0.01975564929485496,0.6376351608902332,-0.5411165566164339,-0.6226545143774687
0.42864713177595004,-0.7327274414091101,0.12722721822747085,-0.42438738624123684,-0.37329554950633714,-0.16291056297199052,1.6379560123208803
-0.32486149776951745,0.10792732958977536,1.0,-0.37145932269318155,1.0,0.7993366576230332,-1.4411550491273402
0.6428733813046807,-0.17938538723386804,0.004292227878715527,1.0,0.23287760553363057,0.07028908409706902,-0.6941823895176326
0.34933247621426466,0.6153468590307065,0.8033361379193649,1.0,0.23584568867954075,-0.21181435135221705,-1.2819072020468893
0.2668780211603444,0.516524202059345,1.0,-0.28816135939989546,0.5349135182496438,1.0,-0.9811707249951821
-0.06526388753856893,-1.0,-1.0,-1.0,-1.0,0.437591404407897,2.789024463954516
0.10872588261073518,0.728080317598136,-1.0,-0.8409394317430426,0.3612149093789246,-1.0,1.7511403712560365
-1.0,-1.0,-1.0,-1.0,0.612304992594479,-0.1621968916975514,-7.219339945861721
-0.2081496822383124,1.0,0.21536636517475588,0.5970028043817375,-0.1503096200875114,-0.0960366004756634,-0.6289300905443093
0.2806362852978615,0.26011928291199604,0.27973236565354564,0.9708685191243245,-1.0,0.05737435749045949,1.227601248573109
0.9077091340315808,0.9985602190772503,-0.13505028181484874,0.4035362061957408,-0.49923646458111126,-0.8688445054214722,4.429046414223038
-1.0,-1.0,-0.23274576673484781,-0.7247730634660106,-1.0,-0.21069024643819145,0.5356591934912712
0.6913719482901912,0.4444206926312103,0.5097892259044927,-0.3089601039341606,1.0,1.0,1.2322064150183587
-0.3752704272996006,-0.5555518152813663,-0.4237357744689314,-1.0,0.5683838144798272,0.47221175170828783,-0.2928352355068042
-0.4954671253704881,-0.6298821942217252,1.0,0.19991390085515554,-1.0,0.2408519072486916,-2.2058364972467763
-1.0,-1.0,0.048460436042770894,0.08076781087989937,1.0,-0.6946054596583108,6.027881396049522
-0.49180839273558047,1.0,-0.6184378709093903,-0.3251364992733988,-0.689232253067058,-0.6461199572512442,-0.7030687237549733
-1.0,-0.4118090869633433,0.41496478763739497,-1.0,-0.7517400102092922,0.28657016655649714,-1.9288167172216302
0.9714371178060457,0.6387759254239972,0.4710978792877617,-0.09751711998152734,0.8032708520131425,1.0,-0.007672079352990659
0.80785943446025,1.0,0.2062122406137406,0.3247311692677046,-0.2638106164562471,0.47100559539013453,1.7315224599896166
0.1247339358532685,0.7741630270242557,-0.5119544713953899,-0.08864777918881384,-0.16790066774967682,0.202722770527417,0.6656273868820417
1.0,1.0,1.0,1.0,-1.0,-0.5534413155604108,5.826685812254543
-0.5189242433617974,-0.48698491221264595,1.0,0.4218575776562231,0.45215788086102593,-1.0,2.6698998439881043
0.9920709259039653,0.4905107660086443,0.04867191323642217,0.39624162627712356,0.30853214301625154,0.8385904177409091,0.004395787267879259
0.05378157693293539,-1.0,0.2873083698687245,-0.7889410414546227,-0.12967127675324627,-0.10426429947494911,1.3102037714657804
-0.3098492220759871,1.0,1.0,1.0,-1.0,-1.0,1.2353590519518776
0.012670892060202707,0.05342361059649889,-1.0,0.23004159148226028,0.9733213820525375,-0.02377757470704661,-1.4138576939782035
-0.40320524421380455,-1.0,-0.19297092097256913,-0.22834358464061955,-0.03724633743167233,0.9144809785201793,-0.01718852982102148
1.0,-0.07640799702536705,1.0,0.1455843117988065,0.4916624057942538,0.8088991497860389,-3.481259650573331
-0.05833061810618467,-0.29777922735133266,-0.45033110848917257,-0.6373730025313209,0.3238978885852991,0.18972807394536859,0.4679987811663145
-0.299975099280557,0.1894207515256156,0.419284469918129,-1.0,-1.0,0.017505277599770414,0.7987242882328947
-1.0,-1.0,-0.015583323673885707,-1.0,-0.6229941320292027,-0.1916050864264106,0.18115003563079907
0.9191501516544036,-0.6198727570508228,1.0,-0.030786048676525,0.7324643977327361,1.0,-5.958444059182404
-0.561475894965408,0.31347521856506233,1.0,-1.0,0.6713463180215695,-0.11120357507651557,0.03362739734242545
-0.1592901168913281,0.4320271076202825,-0.015670825117739207,0.5188511669415934,-0.8308149665853513,-0.19787380717309205,-0.7526209752467952
0.9273110558531804,-0.5979397405883298,-0.8472697601493434,-0.8939865872811426,0.9969622976069794,0.4075253614446681,-4.543175448898342
1.0,0.18655609126427675,-0.2845187966897453,-0.039704526213551306,-0.39381157073675427,1.0,4.051653913744164
0.45042847542704356,-1.0,-0.2740017824452674,1.0,0.4821289962740122,-1.0,0.8874014529484717
-0.362721345897574,-0.5281559607053192,0.9316794683642009,-0.2161655202260179,0.531742013139652,-0.5722446615355272,2.3079905165689008
-1.0,-1.0,-0.47125715014678704,-1.0,-0.2049409023336478,0.5194641533659102,-4.477091901290108
0.19785683355187653,1.0,0.36604624686490295,0.512537822542687,0.21490846542858422,1.0,1.0507843204553806
0.0010483246294517579,0.9143692032798659,-0.25045771606271827,-0.08856636715071908,0.15454197859628216,-1.0,0.8313397044771219
1.0,0.840862199337064,-0.3399710566706664,-0.9590480929346453,-1.0,0.2909468153622644,8.243013553684994
-0.4903901171698692,-1.0,0.3357189917610846,0.3564390623842414,0.4674104568025118,-0.3862550951191052,2.0415206606226426
-1.0,-0.6966592810779697,-1.0,-0.901757858684288,-0.34571276901272097,0.07100228049502141,-3.9929071045928657
0.9340719280239252,0.7589427193851899,-0.06932280090653914,0.1876554344151964,1.0,0.6167806251079533,-1.3625670482555425
1.0,1.0,1.0,1.0,-0.3874288171066943,0.02166214058597815,0.14493239335355956
-0.3183263530683027,-0.9918030685044015,-0.6009490229940165,-0.6588708274018966,-0.2888923761843263,-1.0,3.7451513570897323
0.7579058979683995,0.611858074855048,-1.0,0.4166212741387538,-1.0,-1.0,4.052288207194529
-0.7150740331822946,-1.0,1.0,0.8359625791341021,-1.0,-0.7826529111065896,0.30214153149611644
-1.0,-1.0,-1.0,-0.937142600407304,-1.0,-0.40446038142085355,-0.7032060017332036
-0.36845803024044765,0.5795409920272135,-0.17923842940906737,-1.0,-0.22880041090271838,-0.8274068101680655,-0.08735007890676555
0.7893018083012886,0.6803906504386632,0.1416384921889876,1.0,1.0,0.4137225202411043,-1.3539913186317574
-0.373247140831072,0.44221565546092995,-0.2721699280214294,0.5791056105766459,1.0,0.7225733979008211,3.8081499420768976
-1.0,-0.8520476833820325,-0.5238019509161946,-0.4953029262793687,-0.7242198763866681,-0.84856408819309,0.5595896474701789
-1.0,-0.4701425327168174,-0.17578717139773248,-0.07322838673934906,0.9292812553482568,1.0,4.42412217819376
1.0,0.70437890065568,1.0,1.0,0.22421303677102777,0.33158430093322644,-3.5856289638112506
0.8149256430509847,0.1806485577953163,0.5149695867495245,-1.0,0.05253473725053304,0.02786356474300744,-1.5179664521641751
-1.0,-0.39602789652848497,-0.4446967694235705,0.41101677741068277,0.042670428312234554,0.7851412668330673,2.1912063050057253
0.6768236694106051,0.9709773820689963,-0.5262771585161844,1.0,-1.0,-0.936848595406403,9.325011001516067
1.0,1.0,-0.6316705485978333,1.0,-1.0,-0.22138693167877066,7.934075582510673
-1.0,-1.0,-1.0,-1.0,1.0,1.0,-0.838788032584133
-1.0,-1.0,-1.0,-0.029260132815160267,1.0,0.6039787270561794,-1.4025786996584577
0.651722277073961,0.18158704954026483,0.35523511633195504,-0.04417295609675656,-1.0,-0.2806466155682571,2.509626087365557
0.5515511213070239,1.0,0.5107606892099299,1.0,0.7826349844166239,0.1885897069587047,-2.860131228998907
-0.703511443557423,-0.8356481002409031,-0.9601010496314746,0.04046718682307163,1.0,1.0,6.219433276407301
1.0,1.0,-0.7308912609434774,0.37626208745667433,0.1946467216078154,0.7606861263535809,2.3229956893401296
1.0,1.0,-0.5465827794126361,0.49110709417128523,1.0,0.02354955620698651,-0.8473129190384705
0.4169779853468785,-0.862241099630995,-1.0,1.0,0.5619981447175217,-0.9513182625034746,-2.4281768192442517
-1.0,-1.0,-0.6731027629377113,0.4204244167687372,0.6074939951749321,0.7685640889137573,1.3771831408388284
-0.5545908063718408,1.0,1.0,0.9041125263994343,0.5056182229227747,-0.9646067556737341,-3.914876234892959
0.579029739542942,0.34882098852259236,0.9380444998909279,1.0,0.542653875518083,1.0,-3.172053413799389
0.6716868245570404,1.0,0.6562472950633058,0.7443396280754218,0.8730907361779731,0.09683140232502929,-3.911008711500984
1.0,0.10923234391561931,0.12087434900880112,0.3066436707867155,0.3776711827072648,1.0,1.4044488083164073
1.0,1.0,1.0,0.6840015287877373,1.0,0.9349188884519322,-8.130765985702793
0.8236041052658162,-0.7029714611979845,0.8989505319875725,1.0,-0.16481571222862357,1.0,1.0502306671451895
-1.0,-0.031243541984824597,-0.14556433531683755,0.10244924454035582,0.4524666446464254,1.0,3.3496784041828316
0.761623933204127,-0.07776821995540296,0.7779162928115222,0.9957118318371297,-0.2301107819705586,1.0,0.5904389504044523
0.6729048750708009,0.08054346674605073,0.46140937657441583,1.0,0.9056020081156918,0.00163501173892866,-1.4430612453197325
-0.6727164544467743,-0.33055668979427477,-1.0,0.03852331310600543,0.5273110261899918,1.0,8.12843402450968
0.3920687742146194,0.008516989086860716,-1.0,-1.0,0.3970749605766727,1.0,4.093930591246977
-0.03491778695463443,0.4459710185722141,0.09914795772085502,0.17460389793287895,1.0,1.0,5.5610111459977825
-0.6652248686882767,-0.11826509167751675,0.3744615786823114,-0.525743473199527,-0.26145313596250996,1.0,-0.3438125665591404
0.6616247468728647,0.3939192501232902,0.31638239328178264,1.0,0.1709858554275297,-0.413475400794268,1.3311253165581545
1.0,1.0,0.11975341209233115,0.3566603140034901,0.2881498889561468,0.9000325321725979,1.5408849810484666
0.5521209867144581,0.7653623182271834,0.18786032536236563,1.0,0.5392288907144891,-0.18291404320834048,-0.08157842720758124
-0.41464451955371234,-1.0,0.3425009098530568,-0.2456111880392684,0.02141035536525998,-0.5198658728726693,3.1295872706428294
-1.0,-0.3101027545296968,-1.0,-1.0,-0.6538142180938312,-1.0,3.6629207325043236
0.07777942911710034,-0.7949497130431484,-0.8745565055189579,0.4156741093696694,-1.0,-0.16072033919553297,-1.3742625284671375
0.5837657784628385,1.0,0.9280151367364247,0.9952287615962827,-0.5373436669413825,-1.0,3.2598933376671066
-1.0,-1.0,0.09793935672972483,-0.5008041767403364,-0.7231130821005559,-1.0,2.267435447543134
-0.16962547593187582,-0.4264872864225404,-0.9599963994651384,-0.9400098015157762,0.7958185766868724,0.3853658065553511,-0.26197636069848396
-0.2274944563745095,-1.0,-0.05662627701969214,-0.641074629783204,-0.6238300642086064,-0.6911741041481565,3.750998856946153
0.033446336570115545,0.871706735606544,-0.5038563729192334,0.32411264045319155,0.9031389265521258,-1.0,1.3854629901223017
0.29361501990682115,0.15451823500122208,-1.0,-0.7976985865036414,-1.0,0.38046245493271763,0.44048790181859676
0.8270479802415807,1.0,1.0,0.4513145942566983,1.0,-0.027438512040106902,-4.395224662738436
-1.0,-1.0,-1.0,-1.0,-0.2693520354066097,-0.44855240168560506,-3.931112808506696
-1.0,0.632213845063806,0.5913769355513016,-1.0,-0.14099034008460798,0.8944438384533553,-1.7514194073359528
-0.49702902278707894,0.4434340129972007,0.6102013393973125,-1.0,-0.0915706287981718,0.40702211628522056,-0.679406556537918
0.617195554396676,0.5048703453378693,-0.27264999404702706,1.0,-0.9199007177398594,-1.0,5.559946682530725
-0.6687927859113376,-0.24799135672859274,-0.31301908789245503,-1.0,0.3034209190374342,0.18367957420202397,0.9094369171316772
0.7908108187005112,0.218082369162517,1.0,-0.8974038798039581,-0.03560298928057615,0.19533440646570216,-1.7768063967989147
-1.0,-0.03466071123391762,-0.09456625482345132,1.0,0.1822527409754613,1.0,2.700698448962588
-0.5365744980150124,-1.0,0.4842469547084755,1.0,-0.1921749158569701,-0.1833595969021073,0.8949911514895497
1.0,0.34993082022053046,1.0,0.7928116663488567,-0.35946419866870594,-0.9469921145248428,5.096947482373147
0.5297611068639133,1.0,0.9271101290187407,-0.18572694621399866,-1.0,-0.7759632178812343,-1.0734156988567798
0.02769204301306838,-0.113933595279186,-1.0,-1.0,-0.2629648176883338,-1.0,2.209914750770606
0.38438583321562325,-0.686310032992538,-0.7092367622675183,0.6638395539597189,-1.0,-0.2796943732238504,0.1786702806631194
-0.12167726469261053,-0.05182045364875387,-1.0,-1.0,1.0,-0.34451344793404054,-0.44477975925696606
-0.27558026361992827,-0.9200500661147646,0.33291487724111424,-0.060033412292087945,-0.7642802754798714,-0.7022550039626161,2.583536133387988
0.48002747129874734,-1.0,-0.9549144487981489,-0.2891219034729957,-0.8357657397044063,-1.0,2.8786347029589954
0.3629302791509344,0.20344185592496722,-0.9923375063295365,0.08648985971231904,1.0,0.19139136563049286,-0.6265279216081783
-0.5054678589930224,-1.0,-0.7743711701645397,-0.04744551289449539,-1.0,-0.24761110614660087,-3.185473928099319
0.16869376533383085,-0.43409371536644525,0.9540449684464776,0.32436140259296503,-0.40035843825934814,-0.07034168025785026,0.6799961818608322
0.7589580668719654,1.0,0.3859340064643415,0.36996872515801726,-0.563795714459583,0.3886353485272622,1.755679900103029
0.9317298428031482,0.7148481749524158,0.54788028031012,-0.4282557351782783,0.29685380839313585,-1.0,1.9036346788594147
0.7805647502128052,-0.5891426399810213,-0.35585745880687675,-0.41185167839337944,0.16371268358234814,1.0,0.9731226687071268
-0.3569998916216244,0.06126681526263371,-1.0,0.46142576179229555,-0.3047229544440732,0.6618663869016729,1.64764317413763
-1.0,-1.0,-0.617400780806401,-1.0,0.7048439382620384,0.04819618740123266,-2.78776208496215
0.05991139066913087,1.0,1.0,0.4319718526287277,-1.0,-0.5975036326802355,-1.460228707882768
0.47946579045962145,-0.38185265852510847,0.260412455536075,-0.915980454072023,-0.35985483502553617,0.1452017479705792,0.03483263912690038
0.9361966632934381,-0.8970866220125633,-1.0,0.5937966284870352,-1.0,-0.5940166911659894,4.8320717173022505
-0.7447865183457001,0.19084178090300574,-0.9909333157873675,-0.07523164328462711,-0.0866345654739395,1.0,8.029579262492271
0.8705889697709641,1.0,0.8411758692159337,0.9702745911231401,-1.0,-0.936325458402391,7.541136907718949
-0.059119362937928494,0.7819062197765878,0.20940349274042186,-0.4220426932048923,-0.5708342183502041,-0.6534828223288914,0.005787004557878006
1.0,1.0,0.029260942710670854,-0.595484583980659,-0.7482447847511156,-0.7184958696862684,4.720572228129518
-1.0,-0.7478663561594907,-0.8119654668779732,-1.0,-1.0,-0.44987353073606584,0.5461726976750648
1.0,0.3500306195858056,0.4046690207054495,1.0,-1.0,0.7462034839207383,4.242451900423314
1.0,0.7397700936472089,1.0,1.0,1.0,0.291183936191137,-6.936839245902253
0.7874807247820701,-0.5953210729500862,0.21530843623679763,0.5745687427822028,0.1595435515477085,-0.03012962120111451,-0.36138210480354555
-0.4172667397353753,-1.0,-1.0,-1.0,-1.0,-1.0,5.0367726941228845
1.0,1.0,-0.2214036002744305,1.0,-1.0,-1.0,11.22637131375505
-0.7145226436374934,-1.0,-1.0,-0.4360002063997013,-1.0,-1.0,0.7632451671064319
-0.01581129898542577,0.4084755759703157,0.12806874889371075,1.0,-0.12113270304266743,1.0,1.400382987559702
1.0,0.2546417562355934,-0.13810993846214026,1.0,0.44960935853578843,-1.0,3.2508576013474593
-1.0,-0.5298785967107434,-0.5684611765985492,-0.31821653142678685,0.7066476871259048,0.6940796376037242,2.62622540012031
-0.5435772969848005,0.6001169442656978,-0.14650215176905085,0.03020863372015542,-0.1726483082271239,-0.23680252274432256,-0.8298569504783883
-0.558148591587676,-1.0,-1.0,-0.08430952921098356,0.02196421132030768,0.5495213261000504,-1.3219179542992434
1.0,1.0,-0.09307108012621645,0.22123937172987795,1.0,0.018246897137977114,-1.3738881680894124
1.0,0.33527308656613497,0.5047334170605485,1.0,-1.0,-0.6942243931129402,6.080742066484848
0.9996042791491484,0.2907137405714614,1.0,1.0,0.3576479814145903,-1.0,1.015133217245808
-1.0,0.19462082721008378,0.3248809385598176,-1.0,0.6239040576413757,-0.009271256308232001,2.332431988615379
1.0,-0.949735219477108,1.0,0.39791284854938813,0.8296781845252542,-0.4155306744870723,-0.4210107767926267
1.0,0.38766339408575046,1.0,-0.5480841508003791,-1.0,-0.4048047133889132,4.213544024752687
0.6472907896516936,1.0,-0.02877542018513224,0.5810126575558727,-1.0,0.9068437584224367,6.109705624283955
-1.0,-0.7082226346293754,0.2642161117684249,1.0,0.3822635172843945,-1.0,3.2027085725851157
-0.22069298896407008,-1.0,-1.0,-0.6748282045951737,1.0,0.6461762506901374,-2.5057884556993684
1.0,-0.0304023693676303,-0.12959183403694974,0.9536663284691584,1.0,1.0,1.5042549566569596
-1.0,0.6488305536831959,-0.6191671666538783,-0.1172117949472199,0.175667596662724,-1.0,3.493648884355183
-0.22247008113487932,-1.0,0.0944149906772529,-0.24191434292150077,-0.5693551861512849,-0.24713636866775235,0.3473584551759381
-0.0953150584686524,-0.9258776915247656,-1.0,-0.20354020900946557,0.6125060613405752,0.7264632651506044,1.63103932172329
0.3117228396311521,0.04303502722129848,-0.6767041166604932,-0.5013554299615424,-0.2874876332076177,-1.0,1.6932088489300918
1.0,-0.902742107938513,-0.5688764396623105,0.15160434110304055,0.7509213759012999,-0.050122532504956574,-1.7738300156790834
1.0,1.0,1.0,0.28371112992189684,0.4341893269019167,1.0,-5.638624557387656
0.01900767045722743,0.3945327005009423,-0.2439060777113009,-0.35020817681546296,-0.6274985880094668,0.2511796795094161,0.9228269652808913
-0.44576614361213596,-0.4317834345140552,-0.1869245341832831,-1.0,1.0,1.0,4.8341426587169325
1.0,1.0,0.5099185061071307,1.0,-1.0,-1.0,11.58828868393267
1.0,0.34261794315353167,-0.07581110733962915,1.0,-0.8667742151751072,0.06223506812947688,4.226308739179444
1.0,-0.1918277834339462,1.0,1.0,-0.9841428280957591,0.6513476528515713,3.1462068981614384
1.0,0.3168931918374457,0.4977369646437103,1.0,0.5387634982464986,-0.35722470667219197,-0.055853880870509354
0.5347310685962802,1.0,0.22299861196792486,1.0,1.0,0.6172127075526319,-1.1934234377396535
1.0,0.8334556461466351,0.8774870749679824,0.7111152931251958,0.956222927594816,1.0,-5.076641845005046
-0.3430616865634255,-1.0,-0.398854472561581,-1.0,-1.0,0.5602734944913124,2.9206049218936676
0.4120960913198868,0.029493311643103315,-0.901818117352813,-0.18762173684321173,-1.0,-0.5849031260271549,0.6388278583255202
-1.0,0.37784161391724,0.15226838085896133,-0.7308485429402323,-0.5515809917724377,-1.0,-0.6775074854025754
1.0,-0.32884287150839,0.2419234562542012,0.6780080536088346,0.6655584237983814,1.0,0.9934796942024263
0.9010205692706625,1.0,1.0,1.0,0.6346961878587807,0.5618799343394837,-7.587452492250354
1.0,0.07937647421833988,0.3017413320702239,0.4806588156445796,0.003591657363732681,0.14621117822717888,-0.3145729318138141
-1.0,-1.0,0.019041118540471857,-0.18024066097220637,1.0,0.22324154512274214,2.997466536338069
-0.2042584646291271,1.0,0.9553410339159969,1.0,-0.05619350167284631,-0.43188606344254743,-2.408279940748902
0.8116865074797919,-0.2977585322035414,0.4350698635224552,1.0,-0.6138687095991358,-1.0,6.687520634634096
-0.4958608959631481,-1.0,-1.0,-1.0,-0.5196869776964599,-0.016522533128172645,-3.4152662703959007
0.13436947039340663,0.34304561602928807,1.0,1.0,0.36924745981553875,0.3150815555124419,-2.5448618386847097
0.91746511301918,0.8931028745097901,1.0,1.0,0.8842628006173909,-0.5524366369316019,-5.078031665824866
0.5935418439610975,0.3251227207709435,-0.4719324332768722,-0.6593322113791333,-0.7967099849398903,0.008464556845304866,1.7436121369977546
0.7380963486292312,1.0,0.7712777775368977,0.6775709638103393,-0.7264655472684041,0.443553939494443,0.6525078078982819
-1.0,-0.01869948947673361,-1.0,-0.7245839595082482,-0.5621466216932928,0.5240395093232826,-0.014970692163154456
-1.0,-0.7197548485989547,-0.5420941237561989,-0.49262122952172305,-0.6838420977452135,-0.7643631288336403,-0.004534841696747005
-0.8724252964448271,0.0385693961195922,-0.015044428652785137,0.10672855206242149,-0.6274302009259309,-0.2298660680230864,-0.6950230358044736
-0.9716029771008923,-0.47427985853713905,-0.791455839027259,-0.9254870942149027,0.4472858159301686,1.0,3.394123127357548
1.0,0.38826304432921077,0.8409335379090466,1.0,-0.8268210641853762,-0.025412650010491644,2.8846383574169816
-1.0,-1.0,-0.24764643587373292,0.44795613633570064,0.6073882408476772,-0.6572442848184359,2.9235887714224775
0.15724282464503195,1.0,-0.17759602349259773,-0.6223361082879956,0.4912029957900035,0.08593319640476649,0.3447461376566843
0.815624956341662,-0.05068003296234293,-0.7108428656473813,0.30885306273919333,-0.7016464347184173,-0.8661883294908261,3.6609844330487946
-0.5309116143207414,0.30411217908429394,-0.5446274063359848,-0.14849567883617998,-0.9808744786750954,-0.4405016982717733,-1.4899536844430763
-1.0,-1.0,-0.8232384473625931,-0.8420177091405421,-1.0,-0.304498677198314,-0.8683427343142627
-0.4210190894369209,0.4438646575310428,0.515940003355755,0.49942296142295206,0.12473264457355121,-1.0,2.1944228840486915
-0.04284230277875126,-0.12371506162172208,-0.0696568387200538,-0.11787714669379834,0.7280882653342235,0.3192215530272884,1.2906206057659697
-0.045641440197163874,1.0,1.0,0.05852984792475613,0.8937020094529804,-0.2863607325663982,-2.3002409014486602
-0.2916362025269339,1.0,0.6980670997725893,1.0,1.0,0.5020920859969239,-4.097397171280834
0.6164952929271594,-0.6310056968396573,1.0,0.4939051469794413,-1.0,0.7788746835668795,1.6688532874984343
-1.0,-0.5512175880657075,0.24927239468755885,-0.9832314777575177,-0.4030368681629146,-1.0,2.9232859751713107
0.06317214664785906,-0.39337644745390854,0.2936965346876452,0.9389003544024216,-0.2695792120363931,-0.23749033330145952,0.7517561786046487
0.6942289112748629,-0.7032333779150362,0.3105443984420784,-1.0,0.25977999917420713,-0.05955143132950269,-0.006258112216208089
0.6343962736270998,0.9890364468396677,1.0,1.0,-1.0,-0.06652452420687616,1.4536590578294786
0.7435734863996545,-0.3555899198641169,-0.8866252729145329,0.41521304986742874,-1.0,-1.0,5.085720718491338
0.46022673950897997,-1.0,0.020469464047266905,-0.022112633542588467,-0.0742621329062827,-0.607117728506332,2.0848712441087156
1.0,0.5748210955715309,-0.6772169300184434,1.0,0.950703738253742,1.0,0.7495432607283381
0.31803525997884774,-0.34402882860589545,-0.45262928745269315,0.2619351638361307,-0.12107963099691155,-0.3360650089546706,0.14629709726090276
-0.5765719032813914,0.6318428529554813,-0.2480118920235308,-0.10953762034043657,0.40451552942953184,0.5119466039487203,1.3212611666568281
-1.0,-0.919149976077458,-1.0,-1.0,-0.9397603282466535,-1.0,3.8756911595922943
-0.2034072133176783,-0.4356125372786883,1.0,0.7822135830623389,-0.9452690371869139,-0.8113851503342856,-0.7824965673111139
1.0,0.01666235545635386,1.0,0.7271127904534469,1.0,-0.47031461326913326,-2.607547722388292
0.746405664768243,-0.23914638057506687,-0.46948907128602646,-0.3733763671665413,0.8414224722628955,1.0,0.9990169607558206
-1.0,-1.0,-1.0,-0.13459292264360556,0.2669887234737103,-0.062145993707684255,-4.295731491334487
-0.6424761380421196,-0.6624909875831053,1.0,-0.6210845082134696,0.3506661382127371,-0.12088047350111963,1.3920263053699864
-0.48023955379491534,-0.30924502815722354,-0.9661226335249495,-0.026608280895733305,-0.6556485381930914,-0.7301513653941358,1.1312906694974214
0.1701752862748897,-0.11728616026560945,-0.18053301966262447,-1.0,-0.27571203917224496,0.8633083448520771,2.528832150823505
-1.0,-1.0,-1.0,-1.0,-0.6859767994904062,-0.5809120332818254,-1.709493407872926
-0.6463755165575559,0.7803588211451332,-1.0,-0.7162504135663074,-0.7968370251148131,0.11537304140806648,-0.21494818285668038
0.33794585790214215,-0.23640999414479652,-1.0,-0.49215930263281393,-0.11934291739411285,0.07747040922709963,-0.7628649744257707
1.0,0.6224641242819797,0.8054098393482745,1.0,1.0,0.0624149005413481,-4.533140254501319
-0.06005393199570341,-1.0,-0.14983344713687163,-0.2603032885173706,-1.0,0.1757598394317017,-0.1404570768421003
-0.06197990587579119,0.6342808117169639,-0.014760239510860251,-0.6360699892232997,0.18018815259036164,-1.0,1.9579669016632306
-0.01613707596137015,-0.11296753526095221,-0.5898613918220783,0.03580337489543828,-0.9773236016854786,-0.8069092148420332,-0.3154944278028138
-0.3474214770750604,0.23542030888354828,0.8325290785105577,-0.743466835248511,-1.0,1.0,0.1695110355922316
0.6302925541608219,0.05076205959998803,1.0,-0.5465140248943761,1.0,1.0,-4.177445713149663
0.4108346892617614,1.0,1.0,0.898471884585003,0.15927810997427194,-1.0,-0.1791199030014905
-0.4486274082227666,-1.0,-1.0,-1.0,0.5605855429004184,0.2645759280544472,-6.097422443691267
0.4897859794545479,0.06748311596792242,-0.04522740605126335,1.0,0.3876270351184039,0.5218361368510798,-0.7620407045619519
-1.0,-0.961294612200425,-1.0,0.5315904356350287,1.0,0.906721655645675,2.6044786371289654
-1.0,-1.0,-1.0,-1.0,0.5731075874666798,0.10755603766724525,-7.017546084680472
-0.35645276126450753,0.5634726630508093,0.627780748290709,-1.0,0.5571813633176681,-0.8605248635190748,2.0910228569011693
0.9309084141428405,0.973060770789803,1.0,1.0,-0.07874369120319091,0.4850853986469825,-2.6512948722091556
-0.50895415171281,-0.7509364908473074,0.7498822049933787,-1.0,0.33997082270178136,-0.05608954312522768,-0.262546354396808
0.006307507803566259,0.656745617751498,-0.41240479472776315,-0.5427664942031439,-0.7157556533739118,-0.7583705028251548,0.4898494754733087
1.0,0.948357335568659,1.0,1.0,-0.2194561385250814,1.0,-3.317131266317876
0.5452026543991069,0.5575811736125892,0.47761170295939953,0.5464941819702245,0.519294378475953,-1.0,2.8476029664454257
0.2533760642845159,-0.06919028669838095,-1.0,0.02927567325616004,-0.7512762743763943,-0.12245235564317952,-0.029511431741220104
-0.025993629764383838,-0.998886555840164,-1.0,-1.0,-1.0,-1.0,6.335721991318334
0.3997277843035292,-0.1191290659835623,-0.4301845623230611,-0.1508165049227047,-1.0,-1.0,3.1212667172908852
-0.5810536516558887,-0.14119563334071694,1.0,0.007492524225086061,1.0,1.0,-0.6417758251596088
0.9513146238987724,0.8583969370624231,1.0,0.7219230269550454,-0.011912912450817603,-1.0,1.6984766258283237
1.0,0.4774432001622586,1.0,1.0,-0.008498113789519313,-0.32468259335476324,0.5077732579486534
-0.07418800872649312,0.6774964577144293,0.5849891384341614,0.397669821977871,-0.29026259432402446,-1.0,2.717706807879934
1.0,0.258130820667857,0.3523453880135246,0.5813292960045683,-0.8245903891148127,0.8947810651804617,5.526292866984526
1.0,0.8884127317013184,1.0,-0.14033636964625995,-1.0,-0.4586010612154636,2.9385593139104804
0.936660931980342,0.08711281583918362,-1.0,-0.04817967370701626,-0.7831801780332237,-0.25469718704620603,2.4091552919067736
-0.9078385875002102,-0.5929924272736737,1.0,0.3698668628315214,0.5254762644806847,0.215226398363925,0.3028728612714371
1.0,0.6882734885698214,1.0,0.42045928088268625,-0.39375524585940264,-0.7394852332121729,3.490902896260592
0.41117951145625464,1.0,0.05361975352851145,0.5757150073801769,1.0,0.8009328787580066,1.3299239555818276
-1.0,-1.0,-0.7011806796490146,0.024247430370686995,-0.4447000299679956,1.0,0.7490678412474756
-0.17808853100092603,-0.8209233827114812,-1.0,-1.0,-0.5206555648578406,0.7511097202658877,0.36072537638698765
0.011322547317855758,0.43299046783465744,0.8376342978240439,1.0,0.013531761369900419,0.8181394738218246,-1.7267473170156393
0.004902399847551017,0.8456912401334847,1.0,-1.0,0.3488925358952534,-0.6639724022519964,-3.421157441943843
-0.060524406971399825,-0.5854020610153902,-1.0,-0.2043003642908201,-0.7212712292933474,1.0,5.484804725152962
-1.0,-1.0,0.21365089879544008,-0.1987389616986872,0.5999889358015306,0.8081405905008108,0.7419020479142838
-1.0,-0.08745486224118904,-1.0,-0.419532016254512,0.3235638336121036,0.8775437782494355,4.724107163899091
-0.9487950404022208,-1.0,0.5835936705317899,-0.905121382047421,-0.5331052199439368,0.2875659768165919,-0.8879344694202027
0.20050527565825513,-0.4272474983856557,0.09785421100416708,0.7036527363493764,-0.6243822901167111,-0.7630430143047324,2.1315276708110544
1.0,0.5681920626792967,0.995154932194483,-0.974304482967453,0.7504837114316061,1.0,-2.841219144125651
0.01586618401912765,1.0,0.26636796002288055,1.0,-0.2070404432610089,-0.7945517183935588,1.9253168669993577
0.1536789205976884,-1.0,1.0,-0.09181016652294843,-1.0,-1.0,6.624941732303114
1.0,0.33699557291310556,0.7403863351535996,-0.6575766127847615,1.0,-0.11375464090839749,-1.724657417667617
-0.060756218436050974,-1.0,-0.35902499771553864,-0.7516380707542336,-1.0,-1.0,6.256521456083352
-0.049345353732197506,-1.0,-0.6846174192425438,-1.0,-1.0,-0.5327712470296522,3.4637645574187337
-0.031099814956689897,0.5930158088262637,0.9109378101880043,0.6167162631673504,-0.2185503511201089,-0.9245382074947174,1.1012024315251385
-1.0,-1.0,-1.0,-0.6084361553207749,-0.051689224069691564,0.30198880099901904,-5.470878348576878
-0.3805182505541729,-1.0,-0.8197994890149998,-0.5797191356689879,-0.5160896315371643,-0.6875730360495724,-0.7821913131406304
-0.22545502042551613,-0.59587267433169,-0.6160522936478676,0.6629065740608789,0.5732040363863249,1.0,5.020468692459903
0.5382130475056386,0.30864814088447323,1.0,0.7346711530197305,-0.11769258480951267,-0.842547595746339,1.2621759680493967
-0.2571653811381134,-0.11730787707026952,-0.7165837464589369,-1.0,-0.22812507435461504,0.3615104408062908,-0.16120636092906748
-1.0,-1.0,-1.0,-0.7508987834938203,-0.586454112816668,-0.2537413709817359,-4.181315697646759
-1.0,-1.0,-0.14309017953235892,-1.0,-0.15422617121651372,-0.18878926666078952,-1.0977946568851995
-0.8469103010599743,-0.667073407217543,0.6713547732594969,-0.7826880953450126,-0.3692767526203553,-1.0,3.499540078883732
0.28600527028515876,-0.03317056135933005,-0.9528947446666309,0.6085808776762571,0.6788793894647298,0.20045350203382564,-0.43139688546856175
-1.0,-0.14996336772420116,-0.25470711434950166,-1.0,-0.42753214107443804,-1.0,0.9454359161659665
-1.0,-0.2020135958595271,-0.08023569598147207,-1.0,-1.0,-1.0,0.7866381868916221
-0.9398473256466457,-0.7159923743016299,0.08982438966659381,0.8056456439216862,-0.9862072390862817,-0.08563679625808229,-0.2309466552963637
-1.0,-0.28622624884509706,-0.3362098423961848,-0.831756383449445,-0.2698798920714185,-0.26607732575487364,-0.31444367803748136
-0.9115562046333324,-0.4555195884685858,0.7776751686264131,-0.881929616314775,1.0,1.0,-0.2038245323299651
-0.6370420289998455,-0.43196406769352,-0.5147516904604963,-0.27821543518747616,0.42659794966102715,-1.0,3.892138779125104
-1.0,-0.0621636985959626,-0.8570211830732475,-1.0,1.0,-0.4638514446527803,1.3381155043219288
-0.03715828281551359,0.7791672919605683,1.0,0.6870645996765573,0.2088135160876713,-0.8798913576845514,-0.0913678367905676
-0.933745469321936,-0.2992964687058176,-0.564689851191828,0.4260187840223462,-0.11426547038780122,-0.48804711017469904,-0.5662923379988751
-0.10985370410750228,-0.4175512446191131,-1.0,-0.3919312321415969,1.0,0.4805585635426193,0.48761579265976496
0.36222245258775265,0.4362975586793961,1.0,0.4262779996425152,-0.5931457645315108,-0.4780877263761686,1.4192355674830073
1.0,1.0,1.0,-0.9447864789734863,0.26528120825762425,-0.7973100533845967,-3.7028889934080516
-0.5945439648313664,0.28220370344666884,-0.11163421483451691,0.3493260540593499,1.0,-0.2907962683501305,1.3338619307018968
0.1648732051223475,-1.0,0.4718028843177904,0.03552237382029011,0.7936344026535253,-0.299413990990622,0.9285386819434606
-0.49374683793694596,0.6054809149189132,1.0,1.0,0.23802006456772257,-0.7113377833868093,-0.7607726302023156
-0.20472513160938255,1.0,1.0,0.17045724032302947,-1.0,-0.7315827469180496,-3.2781387452491524
-0.2982469264946995,-1.0,-0.20956841107668445,-0.545047399796124,-1.0,-0.6574866795531104,3.3471220360013394
-0.4552524410830785,-1.0,-1.0,0.804594865392109,-0.18069855310856497,-0.090052897988119,-4.334479231469563
-0.9312588981998281,0.6815353936155599,0.33738559251741695,-0.45960447615228806,-0.2927211692953887,0.8853144882456359,0.6974608873315644
1.0,-0.08367002454828004,-1.0,1.0,0.08366574672114091,-1.0,0.5266711752237448
-0.18398961257412533,0.43232679686416714,0.6764039390177783,0.29289599757680845,-0.5002400163137816,-1.0,3.0258664646326663
1.0,1.0,-0.9542758261755137,0.4398214205879487,-0.8978041765164675,0.14891065644035162,6.731444552987395
0.5611369690394206,-1.0,0.5581786891930522,-0.37323619137971875,-0.987494519334053,-0.17045328509377922,6.190737566596442
0.726217805859573,0.6283635437371589,-0.36627363234814747,-1.0,0.933596799378793,0.4429387361309265,0.8655739972953124
-0.43206054616993006,-1.0,-0.7382719330760543,-1.0,-1.0,-1.0,6.241826062165299
0.3010249905945276,0.06215592612491033,-1.0,0.84272978052121,1.0,-1.0,-1.0837526686169436
0.5372074266234542,0.9211359858040973,0.6312746989003992,-0.04748677707306104,-1.0,0.2037803040688047,0.35153689266509364
0.2758980552319213,1.0,-0.49076638061249755,0.4006270474788085,0.15672798125590348,0.5385638611732174,2.5149371300535917
-1.0,-1.0,-0.8112341848045809,-0.9979956402888179,-1.0,1.0,2.32046528924191
1.0,-0.3755547913766534,0.2347799595758835,0.05099442912065977,-0.6414705141896866,1.0,4.52057185525257
1.0,0.24362775032657913,1.0,0.9584745834931521,-0.500334530773382,-0.23485864037707613,2.834519099451202
0.5334740062513914,0.9495658721909915,1.0,0.1478293837047692,-1.0,-1.0,-0.32318798140201777
-1.0,-1.0,-0.3956947200201797,-0.6291245084515089,-1.0,0.6783157677479417,-1.8624893233461803
1.0,1.0,1.0,1.0,1.0,0.4268412188266063,-8.86115325635357
-1.0,-0.6392351431799453,-1.0,-1.0,-0.8895906374269384,-0.9146821096861004,3.505620479951199
-0.2064682708442357,-0.1484030223952933,-0.014233291696328476,-0.023113860052649038,0.07238022381122755,1.0,2.647544263121695
-0.8691698153342566,-0.24007807471436815,-0.4932947473162741,0.6606909249862885,0.23822725827825852,-0.9693517427721008,4.4188678295288595
0.08493842795839633,-0.2758946561097144,0.2132446850244762,0.17497805216310802,-1.0,-1.0,2.307107531171093
1.0,0.5306775338952909,0.3523915095442338,0.3089701155860391,-1.0,1.0,7.6010190046523185
1.0,0.5109974610277301,0.3534014184943215,1.0,-0.1806898953151833,-0.15745150231507732,1.7569797250732457
-0.8381736370208063,-1.0,-1.0,-0.012406978809397895,0.7481910780984096,-0.20824810810742977,-3.7642310022710084
0.1130980636649821,-0.8311452701921749,0.5938886876948761,1.0,-0.9865866313918257,-0.9969912674868431,5.7205457208406125
-0.5711337277622537,-1.0,-0.6523301906771981,0.2525901500547494,0.4071757332446146,-0.18928287436961955,-1.1012172298020664
-1.0,-1.0,-1.0,-1.0,-1.0,-0.8688725801127222,3.1224267568462336
0.2708722277652479,1.0,0.5961085067079493,0.36170728478905967,-0.716521586871576,-0.40560788197065734,0.10464067994170823
0.8601344089757094,1.0,0.15884479656545275,1.0,-1.0,-1.0,10.059364263381449
-0.4152203727395381,-1.0,-0.44545656021398483,-1.0,-1.0,-0.29383600394916387,4.098609168705107
0.24106630253086503,-0.16617131937266205,-0.34208233785171105,-0.9104947475610902,-1.0,-1.0,3.4385277068072413
0.3818168646948208,-0.27020444247351116,-0.5298308791851227,1.0,-0.7617856884485015,0.04081424474454168,1.1858506392179895
-0.33304775259286945,0.13129321370364852,-0.27454959831920206,-0.11163929055432956,-0.9228745349257979,-0.4776831405690416,-2.085115782394458
-0.3327782968375017,-0.9301600952876246,-0.2943273437037768,-0.6866651530433157,1.0,1.0,2.653787344484848
-1.0,-0.5100223804921734,-1.0,0.14022303668693978,1.0,0.21580775896860727,-2.816260861347067
1.0,1.0,1.0,1.0,-0.5453845203084602,-0.4343417026348691,4.110635802849194
-1.0,-0.9973856021146836,-1.0,-0.5727042131229922,0.7268154787401753,0.4922015182023696,-4.2767696170669325
0.39289047580199904,0.2644734894667512,-0.4565374657160911,0.10559601802543717,0.8716263981583815,-1.0,0.4345273751321116
-0.042064531215462664,1.0,1.0,1.0,1.0,0.5539399275580257,-6.964140968083848
0.2763008446463524,1.0,1.0,0.9704733133662808,-1.0,-0.741119846389242,1.0082666084902394
1.0,-0.2669190073028318,1.0,-0.28578820020801743,-0.5475901283870217,1.0,0.8256354109562926
0.4216128046776057,-0.2954555334333572,-0.27696666264196723,-0.4994389373290321,1.0,-0.3291528489249068,-0.7515136255119998
-1.0,-1.0,-0.27937992116090005,-0.8243899255351249,-0.8491021602819386,-0.568116568983917,2.106936114357137
-0.5438662157229598,0.3962720122275355,-0.13401883260623249,0.20541888193688917,0.4708878907273516,0.1333784928264057,0.3002168817502958
-0.7774435440562385,-0.9356515661958041,-0.08910064070317189,0.8874687173039586,-0.6694131140550521,1.0,1.4779264106883445
-0.10378297160110708,0.9241457013588323,-0.72247079949096,-1.0,-0.48238566181794934,-0.4986692660411952,-0.01886713350928204
-1.0,0.4409885351749738,-1.0,-1.0,0.9604459465827717,1.0,10.252786005598672
-0.4164473163552098,-0.3270147422368743,-1.0,-0.43168959822463426,0.8440032300214082,-0.007781219422524632,-1.6621008624518112
-0.8260661481872733,-0.32834357805472497,-1.0,-0.3496511577259394,1.0,-0.27787884111340233,-0.5154653923013962
-1.0,-0.416828987886084,-1.0,-1.0,0.006024520883856854,0.9509495379197084,2.935438863428682
-0.6805715044411886,-1.0,-1.0,-1.0,-1.0,-0.31772408563523635,0.09999500269821959
1.0,0.041181097198837086,-0.24253674380861578,-0.3859373532493112,-0.6158001207402928,-1.0,5.972420364572417
0.525398271781635,0.6509261074766584,-0.202110543038014,-1.0,-1.0,-0.09309316447378846,4.808962003568236
0.27604769193547213,1.0,0.11267766646354838,1.0,-0.2909041581160907,-1.0,4.044287256501482
-0.27653048107336997,-0.8167794138515283,-1.0,-1.0,0.07175476585364912,0.33865913605256187,-3.7302757422400465
1.0,0.8977267576625343,1.0,0.7235304664233335,0.2239335574091229,-0.005466809540366158,-2.037005400094824
1.0,0.18193205040946947,0.27388275909370385,1.0,-0.2702239640418407,-1.0,7.201965264065628
-0.056981142110103966,1.0,1.0,1.0,-0.46992496787771976,-0.2975853973679774,-2.5759881742629447
1.0,1.0,0.9295123367755687,0.0780574343808812,0.9672609625889554,0.7407156587739406,-5.419152275171192
-1.0,0.4215403987118759,-0.2430060181412187,-0.8351002810818066,-0.19771221078960555,0.407877986176933,0.11479413265758698
0.5448320132799012,1.0,0.11294788171527093,1.0,0.41397144196508423,-1.0,2.7659795722440914
-0.4985603201609101,-0.23792556907917017,-1.0,-1.0,1.0,0.18417734961579413,-0.1467531293752059
1.0,1.0,1.0,1.0,-0.6824822499263415,-0.2258630674818889,3.0440064576880697
0.6279124590230567,1.0,-1.0,0.027753219096479,0.6523353843440419,0.39807763771070004,2.4038787517388442
-0.5252420891739961,-0.07124773625540601,0.2759175664259659,-0.827704042367216,-0.39883586736130816,-0.25690303916973306,0.2383478125227378
-0.18022978856431965,-0.16109538893835407,1.0,0.04265360625719333,0.021033428171749025,0.3776747449822182,-0.12247270092509333
0.16431946703978428,0.01570909108511076,1.0,0.22477826320166283,-0.5263900628837594,-0.1440195204130159,-0.9036249888259645
0.20042255945192822,-1.0,-0.8229548756193895,-0.8703788155668661,0.6121215777735246,-0.31588841404858153,-2.166697844717118
0.9155256904066161,0.1859146688596871,0.6486924789065062,0.6047144562387423,1.0,1.0,-1.7803480658047564
-0.37248401657876856,0.5151643263757688,0.9831803072652335,1.0,-0.8340050630133022,-0.6080736977253282,0.9191122877223499
-0.6498934919277255,0.779772284483814,-0.13880915178573627,-0.06468612515536878,-0.15028317085717094,-1.0,1.5473286364033056
0.8340904369248258,-0.41954264150228493,-0.9165189345495224,0.3585414341779548,-0.7222444148595375,-0.6506127179649219,3.1162531559877635
1.0,1.0,1.0,0.533359305986479,0.8262090376155409,-1.0,-2.4704093348292826
1.0,1.0,1.0,0.3563919445286603,0.8175579714369052,1.0,-6.77665917836791
-0.8604023052254222,-1.0,0.7128673110085152,0.5457763746686634,-0.10965414402237061,1.0,0.1591001881691727
0.6132279167353942,0.7760423513613671,1.0,0.797621343469534,-1.0,-0.7010860973868227,3.2716129389403807
0.1153144710495725,0.13137946252232335,1.0,-0.5257669567214138,0.26005278358209427,0.48977593737860503,-1.0631616626151181
-1.0,-0.45333290396477877,0.7041154508112417,-0.33044803355085606,-1.0,-0.4145051864376219,-2.3566293252773196
0.393868378340623,-1.0,-0.7015241078098182,-1.0,-0.6437649643007666,-0.8594144969751175,4.897111137372373
-1.0,-1.0,-0.1378362239502118,-1.0,0.8520987448457756,-0.46573126220899264,3.1166998248100857
-1.0,-0.9677090034213218,-0.5262384879190087,-0.5446666862739673,-0.788213005418184,-0.37915584377179534,-0.2475167171447369
-0.6692706656084856,0.5907316675674561,0.6023117351905196,0.10303601492688774,1.0,-1.0,2.794491790842327
0.5251894093577296,0.9069679936848032,-0.35850678563799376,1.0,-0.2661093387449174,-1.0,4.811271875390119
-0.3325098111562057,-0.5232424006524009,0.3401899821734373,-1.0,-0.07396734275590539,-0.5996892010035837,1.74965165619508
-0.3415855817860871,0.08389398055411812,1.0,0.23534427179603568,-1.0,0.006285049243198643,-1.678935407461889
-1.0,-0.3911353303812142,-0.5530635745566325,-0.7146774383460843,-1.0,-0.8922507587877873,-0.12388271823949237
1.0,0.7286049001994623,-0.4067926538365828,0.2656782778486534,-0.3498940660097585,-0.028444945820853107,1.7289533016927254
0.8378180740330176,-0.1488084476832489,0.5726271851592772,0.6437172137657393,-0.4770351120143832,1.0,2.9545043204353996
-0.5211830227728818,-1.0,-1.0,-1.0,-0.8772390072058294,0.7595924504928071,1.2201443913561327
-0.04428504929915866,-1.0,-0.19489031356134334,-1.0,1.0,0.5802382906734126,-1.3634557571333779
-0.46376819541559977,-0.9725553710039649,-0.1917395848633292,-0.9348966957392619,-0.20284461761723993,0.0938170897548849,-0.6017729590063574
-0.4358472617710412,-1.0,-0.15705613926272455,-0.6987803752706984,-0.7479336025014871,-0.6221347035284575,2.1398912467493907
-0.460700430828433,-0.6450999567283139,-1.0,-0.39984878533067925,0.5221188836129773,-0.30088538291850714,-0.6947331129944704
0.2664610708386397,-1.0,-1.0,0.9198089587396985,-0.8713320690539493,-0.2502637599048223,-1.8161436691046375
1.0,0.8720133576955621,0.904644564827207,0.6743781952953034,-0.5269344270410874,-0.06423707812840662,1.283624611676613
-1.0,-1.0,-1.0,-0.48393662270969795,-0.8428956431064689,-0.7632216095938511,-0.3583371296932199
0.25394544365191163,0.329516853169336,-0.28533529472502506,0.1313568803435773,1.0,-0.261382138409501,-0.9474275760220303
-0.5194512402004476,-0.04675249517075515,0.4880102930343134,0.31241509765855957,-0.21385749960607758,-0.9789459573020329,2.383904262320275
0.629865697483008,0.3214048788992,0.7578957245994576,-0.19222613577810566,-0.15753470305229975,0.891100509168263,1.184699833977373
0.42852297123376526,0.34909384676832583,0.9460040546618659,-0.16957074618499834,-0.8565730325385229,0.7068201998783135,0.053621141259846156
1.0,0.007520306074095151,0.8002728329890645,1.0,0.8813213220512315,-1.0,-1.025142714245447
-0.019876005162616117,-0.3762975331481453,-1.0,-1.0,1.0,0.12625691664992256,-0.2104553845234466
0.4996861552665226,1.0,0.8945413545553189,1.0,0.5607373993069302,1.0,-5.7072210126322105
0.0980826127527572,-0.25999713448436057,1.0,1.0,0.6896350112140531,0.5478708651558186,-1.8668328832007433
0.5137387157190972,-0.4783020598723483,-0.6951866765146371,-1.0,-0.9787237005542988,-0.8742308227032924,5.901849336309616
-0.9212607984805798,-0.5697437239350805,-1.0,-0.16761268708063493,0.18303529873362367,0.7657549582999417,1.5905563792694855
-0.04269952339476707,-0.20734421799195002,0.14742528942188093,0.15881376124599433,-0.23710343174661963,-1.0,3.5498325206806545
-0.07690744242454173,-1.0,-0.4634727847062836,-0.6391362491475938,0.6328300202777623,1.0,-0.04951803544572736
0.9152491714941902,1.0,-0.18042939565835459,1.0,0.8368061417775736,-0.6712928564112622,0.17294492500552472
-0.12867744967528438,1.0,0.5700692809090784,0.8028735878531248,-0.6153413124875813,-0.8190829899710996,1.4057936440854548
-0.692062125750242,1.0,0.021127880589726755,1.0,-0.38387529991819136,-1.0,2.92803363781742
-0.5044891910922317,-0.20421394532841047,-1.0,-1.0,0.3139990671904902,1.0,4.8575269265955665
0.5195875020618301,-0.04242412727480338,0.47301197841638354,0.910103597582545,0.050873612249563216,-0.3726243083649055,0.8460000132603331
-0.9496298464297541,-0.4551971952296173,0.22912070999571182,0.5439805866048298,-1.0,-0.22734594149529092,-0.36683854782601655
1.0,0.10002562878948873,0.8661979034475593,0.9651948082833746,0.5022789458753104,0.676096114021542,-3.4392038121021598
-0.8134893629920613,-1.0,-0.3431495553754147,0.2793226561086053,1.0,1.0,4.0713731402409055
1.0,-0.7896029271840205,0.2910518300141388,-0.36265077939353635,-0.16805167251268505,-0.15139940246365075,1.5214000874278732
0.1577623548982907,-0.1617633487900344,-0.3130712962363815,-0.051980832150054335,0.39160939206764234,-0.1267243654621757,-0.3539925887813838
-0.8976127570493051,-0.10065923154924405,-0.6041275941759903,0.05420467263368878,-1.0,-1.0,0.44564769699568907
0.4014251478654911,0.9812026707927927,1.0,0.00521180286859535,-0.4105376388531463,0.2889518545835529,-1.4370976778703946
-1.0,-1.0,-0.19069006297137858,-0.36520870358483126,-0.6251841988134097,0.4324252381153756,-3.555596526825163
0.8070445152141829,1.0,0.954858936715344,0.5763780458657352,-1.0,-1.0,4.132026092116447
-1.0,0.38695084674293334,0.8386577448213218,1.0,0.14306116525846976,-1.0,1.533567744726686
-1.0,-0.4923422641552726,0.397323242432283,0.4758323088188458,1.0,1.0,4.874250908044783
-1.0,-1.0,-0.5599878632896776,-1.0,-1.0,-0.3071315769160519,1.4183631466578543
1.0,0.14030637159200232,1.0,0.670923257581769,-0.9789848345379748,-0.9288638589263267,7.563541364591779
0.8467441833615058,-0.5722486968765211,-0.09709707492301328,0.22991536356101533,-0.5412704000510289,1.0,3.921072553974439
0.7857714251260132,-0.031085392292727,0.1124586222860906,-0.8937870898207863,-0.6112840389973357,0.8159266634227502,4.216991853770581
0.37883092927848927,-0.9684048475628965,-0.20988109323690446,-1.0,-0.766177102001117,-0.22618858379836104,4.399384434314539
-1.0,-0.051349373886818706,-0.24864167885455268,-0.9618863467577516,-0.08470917697226865,1.0,0.3153881846223887
0.11054775841891885,-0.46536592010001276,0.20024203699521934,-0.07065905793568894,-0.39972066411208673,-0.3650806177910244,0.5086626170813002
0.42023371318133074,0.03903982870203304,-0.3762569118454451,1.0,-0.4064791597626182,1.0,4.527128389414869
0.0560076121926556,0.5967900665448276,0.8668440041030361,0.26680242845041213,-0.5937653229396165,-1.0,2.4756757240554537
-0.013475436991860351,0.10949618167871317,-0.8822479403049706,0.0054002485045911985,-0.5743080216714362,0.3964588764505207,1.4017407751764246
0.5073213664860514,-0.20671600135527538,0.39841388292761615,-1.0,-1.0,-1.0,6.455411431373324
-0.2982130762321325,0.5645040291348248,0.9130865234672795,0.9801200698533322,0.2477233621335425,-0.6124558405426139,-0.8404372976953147
1.0,1.0,1.0,-0.22372871115101922,1.0,0.04949399125050329,-3.7408459635753517
-0.5560922720060066,-0.7426629773377146,-0.5642911347172926,-0.7417808503681786,-0.5254444181163234,-0.2848367256827258,0.11483459030308263
0.5305230251621393,1.0,0.24063662705661515,0.5738264763473928,-0.2966562621175962,0.06253873908558993,-0.5706316021718351
-1.0,-0.6494934383656128,0.8688660714524542,1.0,-0.6793892095805687,-0.12127277511903566,-2.3469914057064476
0.9264600526909987,0.32862784413669255,0.46591218924910754,0.020680288152041926,-0.3256462111545657,-0.36007079103625195,0.680979835337147
-1.0,0.5464441613559416,0.44809910294284816,-0.6845704041328662,-0.8715670117685301,-1.0,-1.926361973969827
-0.0009386425414130688,1.0,-0.3676090252207279,-0.8366458084286781,-1.0,-1.0,0.17786764006124
0.17617061107460247,0.6071640702998778,-1.0,1.0,-0.45138057564526746,-0.06070431880556118,-0.38218125123281005
-0.6853981032477605,-0.14660892836288397,-0.6956557831108902,-0.9635425673185232,-0.3764138539666979,-0.14543533261097438,-0.8696506371883814
0.871520424758447,1.0,0.919878327044092,-0.10239816550783354,-0.7328682347829703,-1.0,1.1457182470208946
-0.69373009957779,-0.7097639702834622,-0.48636003741808687,0.6607637079565603,-0.3925215579097392,1.0,1.9849188444306947
0.4989509224773598,0.5921483645018906,1.0,0.9809806737851215,1.0,1.0,-4.724731973187221
0.1747382236440026,0.07348751280325491,-0.09117779973065354,-1.0,-0.8744518136233848,-0.7220424807036285,2.4529716234914747
-0.2853480946839815,0.10621995697572759,-1.0,-0.602171892987963,0.110994935493614,-1.0,3.2955270930910796
0.19991626945583707,0.31751305001357666,-0.791473065487272,1.0,-0.09098121921263935,-0.366874765914049,-1.6947913198583824
-1.0,-1.0,-1.0,-0.8759466772009703,1.0,0.418242389453958,-6.633312551211014
-1.0,-0.10982672293537066,-0.5065820591461289,-1.0,-0.20997864145141576,0.14119528499911194,-1.243505258395285
0.8777778655739399,0.854480165886654,0.25605705742345664,0.7322321188812602,0.03151648266672524,-1.0,4.960552441813408
0.01388009528063128,-0.2169349856937412,0.4589747115471741,0.08401036819972202,1.0,1.0,2.8029375480127956
0.9289599912691784,1.0,0.05376718343761078,1.0,-1.0,-0.7575217795190767,7.313681160526144
0.38921272847940314,1.0,0.3490995084456645,-0.19712988795186281,1.0,1.0,3.013977060028516
-1.0,-0.22437147344102026,-1.0,-0.9830841220688187,-0.965004148186775,-1.0,3.455283835226898
-0.7581265158381076,-1.0,-1.0,-0.9820822048222939,-1.0,0.23743436446688243,-1.6941801390134188
1.0,1.0,0.7016963534995386,1.0,0.35786302696792927,1.0,-3.299554797349523
0.977322971617824,0.04860042302421741,0.06912033140181806,0.21760956633704526,0.06110833116657585,-0.11321509999569546,-0.4785712831602638
-0.49207718608463336,-0.03002577897375991,0.41440110948589287,-1.0,-1.0,-0.21568224098465483,0.8674595851723594
-0.08121686336132972,-0.744814931562367,-1.0,-1.0,0.8117909078502973,0.8407974390051076,0.7981552054991846
0.9970660514281824,0.4949769902736909,1.0,0.8205239480702013,-0.5823820677002425,-0.2951854888168781,2.4847676936853333
-0.06268928111022609,-0.21008536735999495,0.4466038795549837,-1.0,0.20993258174262236,0.3783706733851786,0.16065534336692877
-0.5346526553006635,-0.5550033214510436,-0.5352141397907002,-1.0,0.74322900776429,1.0,3.3004242329806797
0.7517405934826615,1.0,1.0,0.7506742246543452,-0.8541439985884238,0.9109471637284772,-0.7902241632273199
1.0,-0.45685152905013743,1.0,-0.9415353323473359,-0.2888785426265785,0.7707374897627877,-1.2354467641404268
-0.41079141558568844,-1.0,-1.0,-1.0,0.984579448300901,0.5130458122858561,-5.29855105371124
0.9316160398066166,0.2310084536363739,1.0,-0.9321110590917661,-1.0,0.08751891505007925,4.128690521917845
-0.19928012831356678,-0.4349937129802972,-0.693242036349013,-1.0,-0.993508045553626,0.6917966231904051,2.41729690823882
0.08806930622284131,-0.18294031641466835,0.46679273952737704,-0.22492039963150667,-0.9114984381462627,0.6027299923257796,1.0961065829401155
-0.1674835905333057,-0.4013869883352603,-0.04447154245818952,0.08271581135673053,0.1289706956319303,0.26697496205835525,0.12202425864238127
0.38209539906742973,1.0,0.24808049984560399,0.4744274196764726,-0.17092162432523175,-1.0,3.7549825302176063
-1.0,-0.6568605538745562,-0.8555255885844854,-0.9380889545781472,-0.08784825214233011,0.7383699289061063,-1.6729555481143459
0.589645954866731,-1.0,-0.5262975388891102,1.0,0.4762861413866856,-1.0,-1.2091140771163826
0.8335178978717611,0.9364700677927247,0.05694881376226457,0.3175460698110054,-0.973101112783178,0.43403073885007804,3.2109335948552107
0.3777543409467571,-0.19589346374327699,-1.0,-1.0,0.9235663494740893,0.04345254044211089,-2.293313246168501
-1.0,-0.21692950735246286,-0.8019801666684311,-1.0,1.0,1.0,8.128502654700794
0.8160491603655987,0.8891186930272487,-0.13140171849439575,0.42908256218061336,-0.9403407581803997,-1.0,5.230518405219308
-0.5763625801737702,0.061409302212009687,-0.41388665218218484,-1.0,-1.0,0.28020377042219735,0.4699581365939295
-0.5905982818520685,-0.4707613823414437,-0.7790691135966352,-0.7326482079903137,-0.7070651943770179,-1.0,2.563487212375944
-0.18828655478161038,-0.8386434698385488,-0.007732831935862272,-1.0,1.0,0.5925399441567685,0.9962481583058214
0.86668391726012,1.0,0.705224865568985,0.20636487496145928,-0.21699486117796812,-0.7292138730740394,0.9480059829333344
0.9243024447497759,1.0,0.6611355886994725,1.0,1.0,-0.3602438377626799,-3.9012454042780194
-0.9281132666732829,-0.6381021924819912,0.14001372902475684,-0.19688508410886463,1.0,-0.6213431457127359,4.826552540398046
-0.24852126651373652,0.16777508695751236,0.10654376632466322,-0.17105700902948628,1.0,0.16431588367862693,-0.44990828258963267
-1.0,0.26212913582131825,-0.12822458068628423,-0.3021757856694476,1.0,0.9702778578466569,6.750330457198706
0.29193000626485865,0.8478967264226487,1.0,1.0,0.26045218367301487,1.0,-5.310634363645359
1.0,0.8204565987228724,-0.37311326446716025,-1.0,1.0,-0.9483327502400167,-1.5163542207043692
-1.0,-0.5857290653078211,-0.20524304085745104,-0.06543842165758651,-1.0,-1.0,0.07798369570436547
-0.014257395205142798,-1.0,-1.0,-0.9571311388773175,0.045588167371974575,-1.0,3.0498278087138284
1.0,0.433772684874147,1.0,0.8461347126832197,1.0,-0.7434448495498839,-3.636948722437814
-0.5142296456978175,-0.668763700680422,-1.0,0.7954939563797523,0.16230029156578119,-0.7304898356209235,-1.1676645114777715
-1.0,-1.0,-0.760027824502904,-0.2930098393779892,-0.9749621669112327,-0.1952742080507457,-3.7957788480165897
-1.0,-0.0350372196102664,-0.266605204708354,-0.7341400183853166,1.0,-0.3485229165710425,3.48364018114773
0.5850776991863148,-0.44905625854303277,1.0,-1.0,-1.0,-0.09149547769486377,4.891513781989142
0.31121303532924205,0.26935658414606134,0.41366324028802753,-0.001422832889033998,1.0,1.0,2.2080291902590243
-0.13518912431533114,1.0,1.0,0.3870442732370767,0.7327639771339876,1.0,-3.1822938000503274
-0.04524818407272324,-0.8669133364327577,0.13587876084906103,-0.9775853582659659,-0.33866683326768576,0.32528987349910166,-0.394784991911166
-1.0,-0.09908690142028953,-0.6717521232224055,-1.0,-1.0,0.5434882265452449,0.5643496304525053
-1.0,-0.6038770421360026,-0.7840697489668362,-0.14248813680558364,-0.345486346299935,-0.018697361257477924,-1.9700588769888983
-0.34578954553723296,0.9028823177016018,1.0,0.5736107701481268,-0.11640100094059809,0.3865884650658742,-3.344583500747344
-0.06513728321903622,-0.6612884000658611,-1.0,0.07007884065990078,-1.0,-0.6517694064280006,-0.07285684285652505
0.7673888248027062,1.0,0.721060799777415,0.6363779615011322,1.0,0.7764492862019403,-3.7816707265111655
-1.0,-0.31692143183343735,-0.38296750812107494,-1.0,-0.35990005549743365,-0.4541049806516726,-0.3712130032723772
1.0,1.0,1.0,0.8178893856231054,-0.9216000422412114,0.1321137294013912,2.442941775145313
0.7625148176321923,1.0,1.0,1.0,-0.893077476001214,-0.2582387284924813,2.2341442052803266
-0.5794046856140835,0.7627290234498915,-0.9876958075854847,-0.7763974883484654,-0.4367272077563319,-1.0,2.174608893190663
1.0,-0.7610734297581998,0.17270431465274488,-0.11354357154700478,-0.17246718419030804,-0.07609980174164988,0.8221038995297512
1.0,0.5992931154209202,1.0,0.7795478099960803,-0.007081018116722015,-1.0,2.897876860043974
-1.0,-0.21814801672791995,0.48257071346868174,-1.0,-0.4080071753466574,-1.0,2.2964686675659762
0.26643507337479116,0.14920024423863154,0.937263625477969,-0.2952236001206193,-0.40047209736405875,-1.0,2.857421728509122
-1.0,-0.24748494771516405,-1.0,-1.0,0.10198934611715527,-1.0,5.453073772956137
0.11968829511135848,1.0,0.19100581791930882,0.19447858986292554,1.0,1.0,4.258449701252578
-0.8416181035847441,-0.10024070551911113,-1.0,0.31562504448561846,-0.40629498493310634,-1.0,4.922001785754878
-0.23570291684640188,0.02287319951184452,1.0,1.0,1.0,0.5308207834676375,-1.196961537048189
-1.0,-0.5156215460072278,-0.46250897253945045,-0.7921523368055831,-0.25731923182103156,-0.14774463559525253,-1.778511865376525
0.9448732668764295,0.8700162838189271,-0.6115637192537557,0.5801831227220458,0.9137509479105506,1.0,1.6178055001657659
-0.6538015961683155,-1.0,-1.0,-0.5294425074269808,-0.7290664828950834,-0.8174266374791047,0.875819593794892
1.0,0.7685429279284299,0.7680510923946278,1.0,-0.4179884528622513,-0.7049657676769695,3.6333093187751935
-1.0,-1.0,-1.0,-0.6441225230654153,-0.21081725038828075,1.0,0.03401917925951073
-0.10183151658840414,0.11657622406458934,0.08120934763962337,1.0,1.0,1.0,5.536224243951053
0.48886675589716844,0.05094469259221854,1.0,1.0,-1.0,-1.0,3.176261523685606
-0.8351976727232259,-1.0,1.0,1.0,-0.5208127060225385,0.10144892356804913,0.8190430043433128
-1.0,-0.5212931752371346,0.2832044326722971,0.2690879368919232,0.03593164399420545,0.008499563849256653,0.14837397221533263
0.07054583856997776,-0.2547190071545665,-0.18958552383640526,-1.0,0.8485293538253937,0.22982435927549472,0.9416916062125772
-0.8084114719820883,-0.5324577674831881,-1.0,-0.7952506081621222,0.3111695515202604,1.0,5.24210683590806
0.8612097791599788,-1.0,0.6616502183593556,0.7195664933043369,-0.9434125682110874,-0.46119050017087304,8.797396284470311
-0.7791798815910865,-0.9925688048312826,0.7572549904935547,0.3071629744306226,0.06575327135492143,-0.3544527780304858,2.882938044716957
1.0,-0.4821066616128508,1.0,0.017797375386105263,-0.5909513627000017,1.0,0.8127782074268992
-0.5077644973459134,0.6441472259534199,0.48580823366778947,-1.0,-0.30013682264495933,0.04354919128168744,-0.10477296557222637
-1.0,-1.0,-0.18102889432816016,-1.0,-1.0,-1.0,5.418389316398872
0.26877782760075,0.06480895652326603,-0.18525924686728434,1.0,0.035748770619662085,1.0,3.002242380624532
-0.713539242963334,-1.0,1.0,0.24153912381839715,1.0,1.0,2.4681025614826875
0.9544493148148291,-1.0,-0.5632023654866485,-1.0,0.24050284717608772,-0.3036886669293335,-0.9153670333755614
0.06331478630135579,-1.0,-1.0,-1.0,-1.0,-0.8639056523604188,5.683649130009605
-0.49258906666305946,0.1299289401974607,-1.0,0.08734694504599437,0.07338648985412555,-0.7839751731648634,1.5973149170056007
0.12168543422577927,1.0,0.27112205803455236,-0.0972622302867927,-0.2019411224314825,-1.0,0.899273389964492
0.9942340822033494,1.0,1.0,1.0,1.0,1.0,-10.658158622404702
0.3083213071407618,0.34357937725253307,0.7391846344839529,1.0,-0.3263026449007533,0.41560019557609446,-1.1114431921572665
0.5589437151314921,1.0,0.5057054906326219,-0.8842366359533715,-1.0,-1.0,4.057997525994212
-0.04004566716729488,-0.9545680657871545,-0.5092612066601072,-0.38287159569947815,1.0,1.0,1.14890898829618
-0.35004768633662087,-0.5510121221312799,0.19209519643170392,-0.14366354511450835,0.0023424918423071706,1.0,0.7246382162279124
1.0,1.0,0.8990063983507726,1.0,-0.31697582613845476,0.06805632250748059,0.20467735123803996
0.2664196986644901,0.29466830006881206,1.0,1.0,0.03166102019614214,0.842192479162351,-1.9695415071367695
0.3242381742581203,-0.3856693490863513,1.0,-0.5169625569877626,0.29983825547563825,-0.6737575291589599,1.0556750727759128
0.1616816887426774,0.1525475166483774,-0.36179849968540034,0.14510250433005756,0.11698527763701703,0.8694436566836973,2.846247899710806
0.5414432708676047,1.0,0.7094727513104405,0.00990281465768228,-1.0,-0.6024647597047663,-0.3166634487261135
-1.0,-0.5371570488864441,-1.0,-1.0,0.7803674201168678,-1.0,6.246914309805135
-1.0,-0.2005816556077198,-0.039326440539712335,-1.0,-0.4469554060913408,0.5922655677888429,-1.2190841672510973
0.022430756917704575,0.17632991646227902,0.12223860918574853,-0.5307685832159327,0.7992620848371187,1.0,2.7763021903274243
-0.8685789031357688,-0.34513012394287834,-0.0352117141856082,1.0,1.0,-0.6023174073904709,3.6388063653588016
0.5045851324598865,-0.15532011583198058,0.2211146218299057,-0.7940391261424661,1.0,1.0,1.6032834310220343
0.43785093224591887,-0.4746543065164692,0.08441651420485985,-0.5314831656487979,1.0,-0.1030167985056368,-0.41125378336997354
0.7433033637099986,0.39312711900661923,1.0,0.8056638164812573,0.1886270104833223,-0.27695765030578656,-1.280775145609692
-0.5105386770196612,-1.0,-0.21132015019701408,-1.0,0.20997186151948988,1.0,-2.229965753427429
-1.0,-0.7148151188199829,-0.5178628159764325,-0.45493032877547024,-0.2488489743140665,-0.07664727225052403,-1.5380395658830055
1.0,0.31725828892718544,-0.8275575578144824,0.53596041385852,-0.5543845342620404,1.0,6.424708537994882
-0.0548439178085906,-1.0,-0.6330177228835266,-0.8105619975554128,-0.8650931030084222,-0.57875309095589,2.2015152676468235
-1.0,-1.0,0.9760301458859765,-1.0,0.1606370787459841,1.0,-6.1682432747183285
-0.21447455636370494,-1.0,-0.09413457915338852,0.16808912562678857,-0.2990768984691249,1.0,1.9202991814258359
1.0,0.4163749029005466,-0.42849698197416036,1.0,1.0,0.03150241412418597,-2.37985232208422
1.0,0.43994019978983123,0.41735652797346035,0.27223782968467036,0.12825907888459603,0.8077901812390623,1.0043549893529606
-0.6547134282250339,-1.0,0.3727811965987803,0.37228934863855556,0.8356280919763286,0.9101953172507138,3.4075140383589426
-1.0,-1.0,-0.07559322251527623,-1.0,1.0,0.9677651467136537,2.249534419356069
-0.05668828738444298,-0.380294530046122,-1.0,-0.974457253834591,-0.001733507298669723,-0.2980390501830932,-1.1314062937530422
0.18316014476044662,-1.0,-1.0,0.3160289808628626,-0.3893329074750953,0.1736547128939253,-1.8146838711945599
1.0,0.5467892276081576,-0.6216277721426842,-0.09276422679619611,-0.8494444361024982,-0.2188629734783588,3.3813940545434695
-0.7518390525885619,0.2083297408285495,-0.8229837179589297,-1.0,-1.0,-0.6555663467881263,-1.1531767026849198
-0.9930455200478183,-0.9190980136850715,0.94671010700509,0.8877148512782636,0.664367407462092,0.42529239658038476,-0.8048072964714491
0.847780459987548,0.08058473444408938,0.0023933317361244377,1.0,0.3468503389184801,-0.16424573509015197,-0.6792990765242451
1.0,1.0,1.0,0.9490918040140605,1.0,0.31255819477403435,-8.734385891192035
-0.662180477596914,-0.3357371571983603,-0.590079962224872,0.35120567291286653,-1.0,-1.0,-0.9760978654445456
-0.5376016494616074,-0.132264090465821,0.823729875533742,0.2840049432409688,-0.14532310481070554,-0.8316521970633706,2.326764446131299
-0.0765559455141821,1.0,-0.029311631923008674,0.05441079050520847,0.14681064218265072,1.0,4.362129644945905
-0.4081063841034134,-0.9679166691852316,-1.0,0.23111145855674392,0.9882597519794574,0.7499249026299963,1.4558778488887125
1.0,-0.6841053276396307,-0.6540825901223793,-0.1468363508109396,-0.6519007693852148,-0.15563193550441898,2.9883253413086157
0.2893686804670183,0.13216686265353422,1.0,1.0,-0.32001565578300906,-0.1567677027138722,-0.9998035389028415
1.0,0.5689136469988456,0.3598120536710122,0.7586948357882732,0.9352393160597412,0.16543823826679438,-2.1359890796840846
-0.020039976378811608,0.813536219296811,1.0,-1.0,-0.13140186792994757,-0.48293028522595355,-2.5798681362238933
0.8518012678953428,0.042789673354231894,1.0,0.27580774145833997,0.025158449315184184,0.15037918278644657,-0.44577945760801163
-0.6075829576728002,-0.4883122545211942,-0.6465397925425553,-1.0,1.0,0.3210249681057491,1.2335266083886651
-0.245082371140127,-0.49108062889177573,-0.6388473743912825,-1.0,1.0,0.9897494863310772,4.153615892828294
0.5851428991140237,0.5591033045347455,0.0690299120820308,1.0,-0.49886952214304264,0.4719756511646952,1.3063964876853358
0.2144313483669798,0.20521438375163922,-0.7985241168359667,0.17289393653811944,0.4086940688667876,-0.3426543531828452,-0.51909744630329
-0.30597947776182144,0.0512731215448033,-0.29534898376931706,-0.2292903577300927,0.07791883348886519,1.0,3.6299059015587587
0.8194159346917673,1.0,0.1298769019495435,1.0,0.7089841155925094,-0.1060549731798075,-1.8029788871873307
1.0,1.0,0.5125101199870282,0.6472934170966578,1.0,1.0,-2.021130669186909
-0.9181536266443964,-0.12690997747631405,0.12827631619986513,-0.6089245265324634,1.0,0.48603141170379416,2.549336851499816
0.4972077280006615,-1.0,0.3008294778108819,-1.0,-0.8864702059540948,0.6516833287894871,7.422433791899481
1.0,1.0,0.7249933015423623,0.3549346559808929,-0.06543817553457898,0.5504115839652284,-1.7713944285994527
-1.0,-0.5963727101524341,-0.5584965436348417,-0.4168277389129772,-1.0,-1.0,0.8238759598715534
-0.04973271881823016,1.0,1.0,1.0,1.0,0.8370394213189063,-6.794736964315976
0.6365155741659985,1.0,0.43499961407098175,0.31157238491241085,0.6521068241410826,0.32708701131631246,-2.24716348625488
-1.0,-0.03676298952102419,-0.6648603348952216,-0.15852089244561318,-0.06107998508751622,0.7070247837629673,0.9267090002267409
-0.1681902583974687,-1.0,-0.9966034782112769,-0.9732009480373127,-0.6999901586493932,-0.24058520226821223,0.31099223112718954
-0.9727304831549313,-0.861591454557886,-0.34241097496393713,0.38638527369574793,-0.32498624876437565,-0.2435054118374863,-1.1019988284817785
0.26262066575476806,1.0,0.5662990246675449,0.6033712446475594,0.4466218815801295,1.0,-0.783019783652849
0.3396815668323389,-0.24523375789518478,-1.0,-0.351192228110382,-0.41792262982037276,-0.025717570946807267,0.9271771227530352
-0.8685774753555153,0.033827191986678384,-0.7712383761113213,-0.9923688017178856,0.16637059737594162,-0.5385803031034595,-0.30397090894468687
1.0,1.0,0.7833378372097983,0.5892297848297612,0.4739257362470735,0.07184550035233936,-4.003593964895887
0.45349570183298604,-0.9493874147929611,-1.0,-1.0,-0.5318191597801697,-0.2820233855731115,0.8279292504409865
-1.0,-0.4528268533311318,1.0,-0.7403011468091745,0.24051126794814182,1.0,-4.029986012798404
0.1697586522397012,-0.486962794230786,0.34280418477684416,-0.3782420484927189,-0.3883244458043591,-1.0,4.555212474465994
0.005050326001694083,-0.23576550447666567,-0.5384980619134868,1.0,1.0,-0.04883008973107281,0.18000440175324628
-0.47955423187400803,-1.0,-1.0,-0.26505755084195415,-0.004865042814921283,-0.267672325231705,-3.7534390666373794
-1.0,-1.0,-1.0,-1.0,1.0,0.7007789872316568,-4.733788184113867
0.02935856944762405,-0.9300877575729575,-0.5593498068558671,-0.827731742759319,-0.7228952428024545,0.3335336812650318,0.6802421714027003
-0.13964377927061022,-0.6002822922516595,-1.0,-1.0,0.6510306889813455,-0.033964159385370826,-2.5986414748083186
1.0,0.07655617142847415,1.0,0.46865291891712024,-1.0,0.07607869446807553,4.417389214030915
-0.7610414168548838,-0.3210063573124884,-1.0,-0.3988713833866324,1.0,0.6522707948369842,3.1662615215581864
0.19802169373520728,0.8993443719241381,1.0,1.0,0.5162950772206093,0.9234826394206641,-5.904572503083754
-1.0,-0.29270432148217096,-1.0,-0.48882157900484247,-1.0,-1.0,1.716788831736743
1.0,1.0,0.9364937889721792,0.7648815288455728,1.0,1.0,-6.8355964528907025
-0.03092492205379449,-1.0,-1.0,-1.0,0.11319719149192853,0.6814491198241508,-4.048587217428385
-0.7785679440416662,-0.809821413794839,-0.9862837336441306,-1.0,-0.5573422228040823,-0.5668178821466605,0.18462592694151225
-0.645896375269662,-0.15182473667755025,-0.381898604646636,-0.7489416070196755,-0.2980523870172884,0.9344206081303263,1.404246720178502
-0.34638966407150606,1.0,0.37800316546420776,-0.8821728503033512,-1.0,-1.0,-0.23039422945729315
0.9467010709648163,1.0,0.8690871608287947,1.0,0.3224998790120226,-0.017227411189401243,-3.0335802052088434
-0.07348671125612063,-0.648321007036686,0.7319402089283693,-0.6496935428962678,1.0,1.0,-1.2995643506183874
-1.0,-0.8856089517755965,-0.24104453311558038,-0.45486823207532456,-0.8110105620691263,1.0,-0.6810355103849063
0.014724647172177807,0.6912666198358643,1.0,0.9390751641622579,1.0,1.0,-3.281982233447156
0.10840513496345783,1.0,0.6936507030973995,1.0,-0.44165634172129664,-0.03354603819465959,-1.1549252358001916
-0.6046761609717136,-0.5386941590427664,-0.47694165540878103,0.6946222234947844,-0.8587661244424138,1.0,2.607835363944392
1.0,1.0,0.2676201456858426,0.1377174266248543,0.6437562356153703,-0.6891806957794263,0.020581211070442418
-0.07413212838866401,-1.0,0.07582167543272489,-1.0,-1.0,-1.0,9.829115524371302
1.0,1.0,0.21520086669352956,1.0,-0.9908237600845267,-1.0,10.578909213410533
